sample	label	PC1	PC2
Control_siRNA_M1	C-M1	-41.84555606387297	15.163515193778863
Control_siRNA_M2	C-M2	-44.68193679584318	-1.2762195681716078
Control_siRNA_M3	C-M3	17.483844994238016	-72.66951037824938
Control_siRNA_P1	C-P1	-13.374386103234075	9.743344898881631
Control_siRNA_P2	C-P2	40.59475550071433	6.632048386562335
Control_siRNA_P3	C-P3	-6.871088593841585	10.833587323916761
Control_siRNA_P4	C-P4	-37.42783951426074	-0.49018557072533775
Control_siRNA_P5	C-P5	56.9057844124232	13.294148160105976
KRAS_siRNA_M1	K-M1	-42.35347941434703	15.618269386920193
KRAS_siRNA_M2	K-M2	-49.611587503025	0.9648688261086303
KRAS_siRNA_M3	K-M3	17.325288256083198	-74.88910601078163
KRAS_siRNA_P1	K-P1	-14.475084731846154	10.160988693896234
KRAS_siRNA_P2	K-P2	41.757551367237284	6.711701479984114
KRAS_siRNA_P3	K-P3	-5.318225440289147	10.198801846525566
KRAS_siRNA_P4	K-P4	-40.720108141172254	1.2602131564472667
KRAS_siRNA_P5_SRR24828471	K-P5	61.82672909896005	24.025045226193708
KRAS_siRNA_P5_v2_SRR24828472	K-P5_v2	60.78533867207607	24.718488948606744
