ENTREZID	logCPM_variance
4680	30.511668904979125
3486	20.854506835743326
4070	20.634979684804375
7431	20.17198711946743
216	18.60924810225515
3945	17.97534077323472
114569	17.962660824219427
1048	16.96526036600766
8000	16.60745435627101
6286	16.303784964654398
1290	15.847641027730289
137797	15.541460548131314
6515	15.513426739083439
5327	15.23021819707637
1029	14.704427469986896
3860	14.497033057359006
547	14.487846960973313
7857	14.285381448625339
6768	14.16881926374164
3855	14.141877319404813
56649	14.12629062236895
64129	13.936167777086274
7078	13.8365884000452
2152	13.581841949008568
55959	13.37191011190759
23650	13.29895752055814
266977	13.115706089671809
1474	13.07341331825189
5349	13.026715301340449
3934	13.01581320859114
796	12.786610622362838
3914	12.785468922209079
1114	12.629674379650545
4493	12.602101637006257
3872	12.48463950933286
2069	12.464091180564283
10551	12.42589935897717
10170	12.164146982147875
1646	12.124425264910876
2877	12.100171895430343
218	12.059067972599406
100133941	11.988045087888628
140828	11.97847764711825
6280	11.95871251705765
5653	11.91082210580571
23220	11.872191491500494
8626	11.73002405508443
79977	11.69292593423019
3851	11.56313292602701
4982	11.529077607670642
10409	11.524777172743592
5010	11.421136095125211
150696	11.414819557309528
55107	11.402228327877912
57586	11.387271718356793
1303	11.36622846794798
688	11.352313410767668
999	11.347923098189021
3488	11.330508680445078
3918	11.281075024098564
4922	11.264904771649991
54575	11.241679673094133
93010	11.172705710159079
1278	11.12760907072988
57402	11.08226976892477
84985	11.073601669313852
23089	11.05576784185703
11227	11.045926667393198
7052	11.03561682398865
2202	11.019431903305756
10331	10.988509560581734
1510	10.973393473325316
84433	10.952528536591476
6590	10.947717295508355
5268	10.859638635951033
10205	10.787793000710497
8029	10.658746658396348
79098	10.644006310190397
25878	10.566895863393539
201294	10.45410797464786
222171	10.446115137539547
84740	10.43188919563845
397	10.382499681044994
5999	10.358271059084068
652995	10.268017174427339
5652	10.256090441294162
26579	10.251002138323248
309	10.23462965719363
4072	10.224262371395366
652	10.224037420589404
718	10.194180866760902
1363	10.19380800798534
51617	10.14959054891469
3852	10.096370741984275
6507	10.096005065406306
6678	10.054069681845778
8581	10.035417221682643
7429	10.03351193253615
1846	10.024161792708227
9982	10.023314912083253
6594	9.997128869715592
306	9.979266648070048
1030	9.977658220381192
64856	9.97253516647206
10642	9.939998371394779
429	9.929625786334402
139818	9.914965175998685
214	9.913966277446905
5655	9.879748419177576
56667	9.874903972108875
9902	9.854473624568655
10406	9.850376398875953
1308	9.830228178874835
2591	9.820211933785362
157638	9.795922052244109
346389	9.763838326206521
3898	9.755851756273284
51208	9.725055624725881
7425	9.684925318012334
1382	9.681468171613039
7205	9.680370300897387
5099	9.604542732211913
255738	9.603128616383838
4017	9.595354805811096
51655	9.577939253594861
1645	9.534521877356394
3248	9.530204973220975
3428	9.525146460802711
57111	9.513690664302999
1437	9.463747695105573
2752	9.435737180800908
219699	9.382886241083956
3218	9.34685162730809
4599	9.337680485168992
26298	9.304137208411106
10561	9.245084136996825
4897	9.223315471606382
647024	9.210791436403046
126433	9.180048121533963
27018	9.170436317423354
54845	9.140468385226612
94025	9.109147894767853
7980	9.102968955602925
4323	9.069301547181958
3226	9.065713500653672
250	9.055080017297028
4939	9.038606326086086
2153	9.029576548973017
7033	9.008381383024666
972	8.976500596149123
161291	8.96725833177185
6850	8.948702211226841
3694	8.924741629431193
6482	8.91016489524202
6653	8.903172975155531
11199	8.893658051646996
23025	8.891549629954124
9518	8.883342765692444
3642	8.850066493974444
1809	8.815556781395635
8912	8.80613888325502
301	8.771676993790166
4586	8.721669125533024
7169	8.694231435578455
2707	8.67096223913246
7103	8.627049093583178
23530	8.55327042610242
6692	8.549673219736153
64220	8.539676142127409
115290	8.529398293986722
27076	8.518872935661491
23475	8.50564163884127
3399	8.502826351688556
10232	8.488087312299708
3170	8.475850554141692
23612	8.440604585871466
79901	8.420429194564571
8519	8.419484929355432
84189	8.413772735885278
26227	8.404318955379498
1469	8.399652353834417
51442	8.39079591632949
56937	8.386615531364745
1612	8.37125941629584
4500	8.368122924059717
81606	8.338080933164319
9245	8.318490397421348
10874	8.317976926858808
9536	8.306183615397265
29106	8.305837283628735
28959	8.29944417815078
3673	8.288310140994398
653145	8.280386408783151
5754	8.270216302840668
3910	8.264116586327082
6451	8.25254430342766
5865	8.247854881740736
23767	8.244645612795797
6657	8.208830702809662
116441	8.207315057341525
3437	8.18610021437415
3212	8.185095572046908
3775	8.162384591484148
84168	8.133073059138836
7039	8.115212720663068
11240	8.098782211155113
5493	8.096531165436446
9076	8.041415592129955
2354	8.038036253918854
100507056	8.031190388215364
3965	8.020877982443274
29943	8.01514562690181
5552	7.991065717066338
10501	7.977202717879245
655	7.975404732604857
1490	7.971716053596065
6659	7.940284408965055
50810	7.923921214353338
4811	7.900914449669644
1001	7.886626661972216
8796	7.8736970741794945
56925	7.869639050094068
2697	7.866688682714916
6273	7.850829479897867
5603	7.847958446510018
55365	7.835210576005563
728113	7.812578329289104
5918	7.812424284908217
5802	7.770191547758719
7032	7.7551286598826294
6374	7.754674895576954
10410	7.750578898543459
445	7.738215942282886
55243	7.724165903240802
2192	7.724064051271184
2043	7.703892333368304
10964	7.69656394904378
143503	7.692068703289789
4248	7.677728186676755
586	7.662330783766985
4833	7.659308206811818
5979	7.645662294014348
164832	7.636406330534695
8490	7.6280890526958265
3489	7.608907073132709
84632	7.607781449962822
794	7.575862208575639
347902	7.552519385262034
4082	7.549032647805792
2122	7.540577506758892
83871	7.53994560849426
3691	7.539511069018603
10581	7.5368115065443275
3956	7.524644169121335
26038	7.519596999811306
84171	7.500992981876276
1366	7.499779254653046
23452	7.4715638444829615
1830	7.461134832154187
8828	7.457917155487687
4507	7.425440377324524
4739	7.40915739615063
3664	7.398813365893722
2706	7.38414931571553
290	7.377539658429618
54947	7.373562609334642
348	7.372683686541161
148252	7.36354557356665
6446	7.3574410353548565
1734	7.347526470441954
6091	7.332187995136491
55765	7.331868131384921
64063	7.323249746415408
23231	7.32117503199142
9414	7.320528151135123
50853	7.310556205288054
4837	7.309956578323138
10468	7.302744878181796
4121	7.274649327798849
768	7.268604814463412
3487	7.267788881966016
23111	7.267642897859452
4600	7.253194233810653
11254	7.227598717601253
7832	7.212132947704912
2950	7.181982705966406
388125	7.177405873710118
59277	7.175997170777704
7379	7.169607279070626
5629	7.1685704642616175
1244	7.159769053203138
3576	7.149011639981341
338707	7.146482639622747
7477	7.145336373334464
6586	7.142998801053784
347735	7.142257825621618
10683	7.133213882511267
7991	7.114837907224979
360	7.104067444456819
145741	7.103682140845965
960	7.0970565870965245
80326	7.090906160578745
55601	7.080558511396275
26	7.074988285673321
1462	7.066408359635097
2014	7.063512679169026
115019	7.043073820507075
1004	7.036439152749017
51361	7.013010920106415
10053	7.003220218054099
3075	6.993085510750184
5332	6.975766287525012
284119	6.971449123728381
91543	6.956505020256333
21	6.945590868513223
684	6.934541810507148
359845	6.934217931324191
389136	6.928626975657528
10317	6.9193481476839676
84302	6.918211594001973
7048	6.910064433884289
84951	6.898884461501474
6337	6.898261594723863
390	6.858360259862186
1292	6.8570180337291475
3853	6.843749963856756
8644	6.835385445368811
3778	6.828467754779646
6699	6.819864330911134
151887	6.812557497577729
10129	6.81068341570244
64881	6.769521436824662
8645	6.766874117322396
4240	6.763122769860267
1520	6.75390303125447
4254	6.711004318502779
440335	6.703649958909663
3909	6.699731036182973
2627	6.6968724455973225
254427	6.692768448257595
51703	6.672568822291084
1396	6.668858303234331
66004	6.6676716921279775
202	6.657703429836359
9537	6.656622787869443
2635	6.618187102995964
64714	6.6105002605603564
9957	6.607688093090577
80144	6.574681542552427
60681	6.557643620924073
26136	6.557573083465167
7277	6.557020683830274
5646	6.555926691173092
29785	6.540082639074202
10590	6.537247768536908
28951	6.5360432639135535
6641	6.52758403416674
170689	6.511012697977084
6567	6.503289840849305
3977	6.497623250999949
8614	6.496569909691008
10913	6.487455801833508
56670	6.485039593322224
22998	6.484711974145664
81607	6.48193745697056
3485	6.479972786564817
4131	6.467163780197518
3554	6.46097981964957
64114	6.448633526344147
50804	6.430105400403004
169611	6.41897288475533
5362	6.415308109044758
57633	6.404527058000852
219855	6.39849088048299
5570	6.398462067355019
25849	6.3848493577581875
55040	6.376094011833709
10788	6.372397020563175
221981	6.372128310357575
79948	6.370497543331447
5947	6.3557702104002045
2619	6.343369489832431
12	6.340365121710919
8638	6.337954336878905
1365	6.328223270733687
5087	6.310032770850812
26499	6.306338810254653
6328	6.3045222011016575
1824	6.303817490276595
5352	6.288789896281187
3606	6.286144667006166
2947	6.283094729068902
53836	6.272426500714618
221416	6.270737365476491
9249	6.27006130818137
286	6.264844879881999
401474	6.257733285617372
54809	6.249480480800668
55008	6.245310593853951
5176	6.232465297578601
624	6.230196637657713
2034	6.224663307184906
393	6.206868924314552
85439	6.194740742376335
2533	6.188738732585665
28232	6.18521900339578
1081	6.185024309934905
7031	6.183607243121911
55057	6.181987487352406
3206	6.17565426169674
23705	6.175326819484828
2149	6.172273132030182
53832	6.168945411083498
400451	6.153075191494071
65108	6.149228539894293
6695	6.145858411634783
22874	6.141369844239708
55450	6.140725522101096
11189	6.138401920888314
9077	6.136168564608434
4325	6.132894608535464
256764	6.131556430609867
664	6.129091226405293
5064	6.1184711268215075
4938	6.117140851758717
9246	6.115186435079675
389432	6.110859780444316
133418	6.100985030494513
219285	6.09923712210168
57664	6.098532642890562
1512	6.097103100598344
6707	6.09151326542736
7035	6.0899788151976315
5097	6.0814366692693955
2041	6.0741296427287885
339479	6.0609830418745005
387914	6.050705175961906
3757	6.045840767555923
10804	6.035716390076702
6474	6.035066752859568
93099	6.023769100615986
8542	6.019793759488471
120224	6.019416005582447
4188	6.015986128921085
221935	6.01582220114269
8653	6.01113448957
11343	6.008176231362359
6623	6.0072565368851425
5743	6.004952826935324
92737	5.999245542520764
7057	5.9990595498968196
3732	5.9969300341777165
22795	5.972785649698873
54567	5.971458045418697
4645	5.965664482023633
58528	5.956599225253088
55286	5.943708381832157
619279	5.941339261313049
3783	5.938748974511466
7739	5.936175931971769
3219	5.934636744824436
2625	5.927344259064231
27324	5.907310959247675
5669	5.906158625663269
4192	5.900842926563189
3897	5.896949897211128
251	5.893138325504565
8537	5.892999491326018
7056	5.892176234351197
11166	5.892081388460712
6261	5.890405090468562
55304	5.88970111875739
10045	5.876432883885355
9615	5.873075402437765
8436	5.8671022422701276
89797	5.862360089648669
7022	5.859262213437156
1848	5.859087023923228
83439	5.8588424793224885
57198	5.858147310644623
4921	5.85695171264916
25840	5.852910223184702
9568	5.845914103379546
767	5.838354066927866
56704	5.837709918501219
5836	5.825173338171396
6932	5.824083797812583
79784	5.823944560270849
53827	5.821410076458801
1435	5.821161707091091
79054	5.812965394113253
8777	5.8117040479030475
7409	5.805078477226737
9148	5.798471381465326
57523	5.790255783883052
1902	5.785471291424389
800	5.785244565576825
5783	5.78302478008025
10098	5.781245112264569
4128	5.781029686290209
