	C-M1	C-M2	C-M3	C-P1	C-P2	C-P3	C-P4	C-P5	K-M1	K-M2	K-M3	K-P1	K-P2	K-P3	K-P4	K-P5	K-P5_v2
C-M1	1.0	0.9421351175478536	0.8604985432769834	0.9287464460706085	0.8978811084062768	0.9324713742972114	0.9328313892466097	0.892719358181468	0.994412225380381	0.9376135389219654	0.8534192566668801	0.9291534749329127	0.8924377174984184	0.9298330760309764	0.9348728104418815	0.8812692093653911	0.880754220326342
C-M2	0.9421351175478537	0.9999999999999999	0.8663759524667883	0.9219198821592909	0.8973471220282351	0.9185948564153261	0.9427290680948847	0.8832583120127279	0.9377041260020877	0.9906739497467174	0.859188765990829	0.9199637669508706	0.8894464434079781	0.9151286268332103	0.9441560000014982	0.8694391342114666	0.868983004626259
C-M3	0.8604985432769834	0.8663759524667883	1.0	0.8685792281516012	0.8640415577421748	0.8698164132822556	0.8712602100059407	0.8656691658588065	0.8555008928469676	0.8548214630411658	0.9935162760348885	0.8661117793990564	0.8585516809172118	0.8683900832514723	0.8657810650381402	0.8435461786888476	0.8408883776948595
C-P1	0.9287464460706084	0.9219198821592909	0.8685792281516012	1.0	0.8964742285336831	0.9315774648948387	0.9263559507729201	0.8991292967978566	0.9220479239543259	0.9100413293156191	0.8579856285428884	0.994547837520783	0.8874093979629339	0.9253685861545721	0.9228012273113821	0.8828129315115979	0.8809419070064233
C-P2	0.8978811084062768	0.897347122028235	0.8640415577421748	0.8964742285336831	1.0	0.9100591717448254	0.8914546393073417	0.9233571133392608	0.8927907359385813	0.8846672301107501	0.8565826301543534	0.8943520736616605	0.9918463002540143	0.9084097909084702	0.8887280831171281	0.9139424121573001	0.9128801198859274
C-P3	0.9324713742972114	0.9185948564153262	0.8698164132822556	0.9315774648948386	0.9100591717448254	1.0	0.9256055499028794	0.9076188077719674	0.9252511586661406	0.9064296676499233	0.8590653721708804	0.9285273584290027	0.9028646607645507	0.9935608167502391	0.9208720363203434	0.8920989264568512	0.89007335410481
C-P4	0.9328313892466096	0.9427290680948848	0.8712602100059406	0.9263559507729201	0.8914546393073417	0.9256055499028794	1.0	0.8900643576207392	0.9259195717368359	0.9318428518227027	0.861484559803194	0.9223702492437612	0.8823174374520919	0.9193883505789411	0.9937822871435966	0.8709076778475168	0.8700733086342951
C-P5	0.892719358181468	0.8832583120127279	0.8656691658588065	0.8991292967978566	0.923357113339261	0.9076188077719674	0.8900643576207391	1.0	0.8873519848642366	0.8689678671582806	0.8567520245307192	0.896080581845602	0.9178525626045849	0.9050133033531264	0.8856328224049329	0.9868969035212751	0.9847111543419445
K-M1	0.994412225380381	0.9377041260020879	0.8555008928469676	0.9220479239543259	0.8927907359385812	0.9252511586661406	0.9259195717368359	0.8873519848642365	1.0	0.9406947873533306	0.8532788660609452	0.9281743106717514	0.8933380717881511	0.9292327705477708	0.9335342972124122	0.8841280718243755	0.8831072701211181
K-M2	0.9376135389219656	0.9906739497467174	0.8548214630411658	0.910041329315619	0.8846672301107501	0.9064296676499233	0.9318428518227027	0.8689678671582807	0.9406947873533307	1.0	0.853358763418367	0.9146642008189964	0.8838573514351564	0.9102639615861351	0.9403481301984076	0.8645337615501416	0.8638118486139723
K-M3	0.8534192566668802	0.859188765990829	0.9935162760348886	0.8579856285428884	0.8565826301543535	0.8590653721708803	0.8614845598031942	0.8567520245307191	0.853278866060945	0.8533587634183669	1.0	0.8607243894984333	0.8569371184346566	0.8632060666408725	0.8608318330109698	0.8423903124514759	0.8403665571977126
K-P1	0.9291534749329128	0.9199637669508706	0.8661117793990565	0.9945478375207831	0.8943520736616606	0.9285273584290028	0.9223702492437612	0.896080581845602	0.9281743106717515	0.9146642008189962	0.8607243894984333	1.0	0.8922561274556872	0.9291786358518154	0.9239780808927961	0.8882970158646175	0.8866088094647314
K-P2	0.8924377174984184	0.8894464434079782	0.8585516809172118	0.8874093979629339	0.9918463002540142	0.9028646607645509	0.8823174374520918	0.9178525626045848	0.8933380717881511	0.8838573514351564	0.8569371184346565	0.892256127455687	0.9999999999999999	0.9089307561463065	0.8851036452049098	0.9202807035637731	0.9194604736087014
K-P3	0.9298330760309764	0.9151286268332104	0.8683900832514723	0.9253685861545722	0.9084097909084702	0.9935608167502391	0.9193883505789411	0.9050133033531262	0.9292327705477708	0.9102639615861351	0.8632060666408725	0.9291786358518154	0.9089307561463065	1.0	0.9202149515936155	0.8991558294673486	0.8970839144539353
K-P4	0.9348728104418814	0.9441560000014981	0.8657810650381403	0.922801227311382	0.888728083117128	0.9208720363203434	0.9937822871435965	0.885632822404933	0.9335342972124121	0.9403481301984076	0.8608318330109698	0.9239780808927961	0.8851036452049098	0.9202149515936155	1.0	0.8744048256896755	0.8729430243877387
K-P5	0.881269209365391	0.8694391342114665	0.8435461786888475	0.8828129315115979	0.9139424121573003	0.8920989264568513	0.8709076778475167	0.9868969035212751	0.8841280718243755	0.8645337615501415	0.8423903124514759	0.8882970158646175	0.9202807035637731	0.8991558294673486	0.8744048256896756	1.0	0.9961735382350833
K-P5_v2	0.880754220326342	0.868983004626259	0.8408883776948595	0.8809419070064233	0.9128801198859274	0.8900733541048099	0.8700733086342951	0.9847111543419443	0.883107270121118	0.8638118486139723	0.8403665571977126	0.8866088094647315	0.9194604736087013	0.8970839144539354	0.8729430243877386	0.9961735382350831	0.9999999999999999
