sample_name	condition	cell_line	local_label	run_accession	ena_alias	included_in_count_table	qc_flag	repeat_status	assigned_counts	assigned_percent	short_label	genes_count_gt0	top10_count_percent
Control_siRNA_M1	Control	Pa01C	Control M1	SRR24828468	Pa01_SC	True	NO_EXTREME_COUNTING_FAILURE_DETECTED	NOT_ASSESSED	33598406	69.1238337962827	C-M1	18610	5.283649468370612
Control_siRNA_M2	Control	Pa02C	Control M2	SRR24828466	Pa02_SC	True	NO_EXTREME_COUNTING_FAILURE_DETECTED	NOT_ASSESSED	37745760	65.6090151316077	C-M2	18930	3.887885685703507
Control_siRNA_M3	Control	Pa04C	Control M3	SRR24828479	Pa04_SC	True	NO_EXTREME_COUNTING_FAILURE_DETECTED	NOT_ASSESSED	32084267	71.8890692150372	C-M3	18383	6.041649634694787
Control_siRNA_P1	Control	Pa16C	Control P1	SRR24828475	Pa16_SC	True	NO_EXTREME_COUNTING_FAILURE_DETECTED	NOT_ASSESSED	38327029	70.9777527590458	C-P1	17832	4.828881988217767
Control_siRNA_P2	Control	PANC-1	Control P2	SRR24828473	Panc1_SC	True	NO_EXTREME_COUNTING_FAILURE_DETECTED	NOT_ASSESSED	34137056	75.2561304479782	C-P2	18225	6.597625173067062
Control_siRNA_P3	Control	Pa14C	Control P3	SRR24828477	Pa14_SC	True	NO_EXTREME_COUNTING_FAILURE_DETECTED	NOT_ASSESSED	40624409	72.5216160403975	C-P3	18206	5.2861544398098195
Control_siRNA_P4	Control	HPAC	Control P4	SRR24828480	HPAC_SC	True	NO_EXTREME_COUNTING_FAILURE_DETECTED	NOT_ASSESSED	39804914	76.0417091920727	C-P4	17836	5.608624101034359
Control_siRNA_P5	Control	MiaPaca-2	Control P5	SRR24828470	MP2_SC	True	NO_EXTREME_COUNTING_FAILURE_DETECTED	NOT_ASSESSED	38318670	75.539678968089	C-P5	19070	7.208094644203465
KRAS_siRNA_M1	KRAS	Pa01C	KRAS M1	SRR24828469	Pa01_K2	True	CORRECTED_ENA_PAIR_FULLY_VERIFIED	NOT_ASSESSED	37657740	68.9404365015348	K-M1	18871	6.012163767661044
KRAS_siRNA_M2	KRAS	Pa02C	KRAS M2	SRR24828467	Pa02_K2	True	NO_EXTREME_COUNTING_FAILURE_DETECTED	NOT_ASSESSED	36440240	66.6175289454365	K-M2	18865	4.401183965857525
KRAS_siRNA_M3	KRAS	Pa04C	KRAS M3	SRR24828465	Pa04_K2	True	NO_EXTREME_COUNTING_FAILURE_DETECTED	NOT_ASSESSED	35896892	70.9925900260025	K-M3	18916	6.962923141089764
KRAS_siRNA_P1	KRAS	Pa16C	KRAS P1	SRR24828476	Pa16_K2	True	NO_EXTREME_COUNTING_FAILURE_DETECTED	NOT_ASSESSED	33369606	71.6508090410174	K-P1	17848	5.215512583516869
KRAS_siRNA_P2	KRAS	PANC-1	KRAS P2	SRR24828474	Panc1_K2	True	NO_EXTREME_COUNTING_FAILURE_DETECTED	NOT_ASSESSED	36580984	74.9210314042369	K-P2	18292	7.014876909817406
KRAS_siRNA_P3	KRAS	Pa14C	KRAS P3	SRR24828478	Pa14_K2	True	NO_EXTREME_COUNTING_FAILURE_DETECTED	NOT_ASSESSED	35073406	68.3458456571739	K-P3	18294	5.785560147765518
KRAS_siRNA_P4	KRAS	HPAC	KRAS P4	SRR24828481	HPAC_K2	True	NO_EXTREME_COUNTING_FAILURE_DETECTED	NOT_ASSESSED	35024456	76.4524749736767	K-P4	17609	5.388688977781697
KRAS_siRNA_P5_SRR24828471	KRAS	MiaPaca-2	KRAS P5	SRR24828471	MP2_K2v2	True	NO_EXTREME_COUNTING_FAILURE_DETECTED	UNRESOLVED_KEEP_RUNS_SEPARATE	32018066	74.0872464498912	K-P5	17898	8.642748753157045
KRAS_siRNA_P5_v2_SRR24828472	KRAS	MiaPaca-2	KRAS P5_v2	SRR24828472	MP2_K2	True	NO_EXTREME_COUNTING_FAILURE_DETECTED	UNRESOLVED_KEEP_RUNS_SEPARATE	36106124	69.3336187627273	K-P5_v2	17901	7.511033308366192
