ENTREZID	ENSEMBL	SYMBOL	GENENAME	merge_p5_DESeq2_log2FC	merge_p5_DESeq2_padj	merge_p5_edgeR_log2FC	merge_p5_edgeR_FDR	retain_SRR24828472_DESeq2_log2FC	retain_SRR24828472_DESeq2_padj	retain_SRR24828472_edgeR_log2FC	retain_SRR24828472_edgeR_FDR	retain_SRR24828471_DESeq2_log2FC	retain_SRR24828471_DESeq2_padj	retain_SRR24828471_edgeR_log2FC	retain_SRR24828471_edgeR_FDR	significant_all_six	same_direction_all_six
7049	ENSG00000069702	TGFBR3	transforming growth factor beta receptor 3	-0.3357090099573	0.157090904066598	-0.375877168743269	0.102126276652465	-0.321893714134543	0.171878625953581	-0.368209424110162	0.110744624597508	-0.350882387150347	0.149086712120732	-0.39947796200182	0.0984887893940494	False	True
54344	ENSG00000179085	DPM3	dolichyl-phosphate mannosyltransferase subunit 3, regulatory	0.325122055329521	6.75967313238963e-06	0.325131415122896	0.0013162323629015	0.210572933210795	0.304850361600162	0.19853686504931	0.303618192307342	0.412743929841057	6.65641268325466e-12	0.405858380998258	0.0001662663170826	False	True
595	ENSG00000110092	CCND1	cyclin D1	-1.15486251889604	1.17861029270748e-14	-1.1540506195943	2.76073210430419e-05	-1.15577193167432	3.5471558276130804e-14	-1.16267720565628	4.51067038515688e-05	-1.1515341622454	3.5850737609531205e-15	-1.15460122333672	2.80491433984672e-05	True	True
3845	ENSG00000133703	KRAS	KRAS proto-oncogene, GTPase	-2.75514500550052	2.44661210628305e-41	-2.73720555044091	1.69384896826876e-06	-2.73948194850521	6.61109819579158e-39	-2.73467797889855	1.99791896755927e-06	-2.77539254838792	7.778296955285191e-44	-2.76692448334905	1.32372223136409e-06	True	True
1848	ENSG00000139318	DUSP6	dual specificity phosphatase 6	-1.46265532677079	0.000367462655215	-1.29758313604097	0.000766182615002	-1.45512178056262	0.0003520168104409	-1.27698827576383	0.0024205046055236	-1.43339925873922	0.0001541945343589	-1.25537119603714	0.0017032450691237	True	True
2013	ENSG00000213853	EMP2	epithelial membrane protein 2	2.37090419777493	1.65849631485421e-93	2.36155490923551	3.94588650052826e-08	2.38245739336644	1.62205128031963e-93	2.36343741635382	6.29240828908411e-08	2.35876269726558	1.3107819245500899e-90	2.3403686133534	4.390897595199e-08	True	True
7474	ENSG00000114251	WNT5A	Wnt family member 5A	0.69415798040331	0.103613742865365	0.419772805558658	0.148819545064442	0.722542996603494	0.0866071031352748	0.445686511078806	0.13633902179127	0.67791220167364	0.117907843421615	0.403080786018254	0.166563290742926	False	True
1958	ENSG00000120738	EGR1	early growth response 1	-0.868940932011075	0.0289696726660839	-0.862979322331761	0.0691215722676309	-0.866221606048493	0.032139902402999	-0.87031470064227	0.065858505090118	-0.871053756102117	0.0277098091042003	-0.871871499658357	0.0627109098258985	False	True
81848	ENSG00000187678	SPRY4	sprouty RTK signaling antagonist 4	-1.1478868172391	4.51953873980179e-08	-1.16279245418995	0.000335594969686	-1.13197591413714	1.25294489492517e-08	-1.15108757473799	0.0003263998566756	-1.16595778044279	1.80826102137699e-07	-1.18260218238682	0.0018664189733814	True	True
6422	ENSG00000104332	SFRP1	secreted frizzled related protein 1	0.196207565906808	0.725260483873201	0.140634935223626	0.638706486450662	0.210120436983056	0.71373563443679	0.116269349529918	0.711983050132034	0.176738277573546	0.748412153919461	0.064564875169038	0.832307956472398	False	True
4609	ENSG00000136997	MYC	MYC proto-oncogene, bHLH transcription factor	-0.519375943281642	6.27196362043823e-05	-0.519382021573102	0.0018522896816739	-0.516548037583641	9.99314426642187e-05	-0.526466129461862	0.002292272115724	-0.521416463652378	5.24473407419597e-05	-0.528020738278834	0.001576160131283	True	True
