Package	Version
abind	1.4-8
apeglm	1.32.0
bbmle	1.0.26
bdsmatrix	1.3-7
BH	1.90.0-1
Biobase	2.70.0
BiocGenerics	0.56.0
BiocManager	1.30.27
BiocParallel	1.44.0
BiocVersion	3.22.0
cli	3.6.6
coda	0.19-4.1
cpp11	0.5.5
DelayedArray	0.36.1
DESeq2	1.50.2
edgeR	4.8.2
emdbook	1.3.14
farver	2.1.2
formatR	1.14
futile.logger	1.4.9
futile.options	1.0.1
generics	0.1.4
GenomicRanges	1.62.1
ggplot2	4.0.3
glue	1.8.1
gtable	0.3.6
IRanges	2.44.0
isoband	0.3.0
jsonlite	2.0.0
labeling	0.4.3
lambda.r	1.2.4
lifecycle	1.0.5
limma	3.66.0
locfit	1.5-9.12
MatrixGenerics	1.22.0
matrixStats	1.5.0
mvtnorm	1.4-2
numDeriv	2016.8-1.1
pheatmap	1.0.13
plyr	1.8.9
R6	2.6.1
RColorBrewer	1.1-3
Rcpp	1.1.2
RcppArmadillo	15.6.0-1
RcppEigen	0.3.4.0.2
RcppNumerical	0.7-0
renv	1.3.0
rlang	1.3.0
S4Arrays	1.10.1
S4Vectors	0.48.1
S7	0.2.2
scales	1.4.0
Seqinfo	1.0.0
snow	0.4-4
SparseArray	1.10.10
statmod	1.5.2
SummarizedExperiment	1.40.0
vctrs	0.7.3
viridisLite	0.4.3
withr	3.0.3
XVector	0.50.0
base	4.5.2
boot	1.3-32
class	7.3-23
cluster	2.1.8.2
codetools	0.2-20
compiler	4.5.2
datasets	4.5.2
foreign	0.8-91
graphics	4.5.2
grDevices	4.5.2
grid	4.5.2
KernSmooth	2.23-26
lattice	0.22-9
MASS	7.3-65
Matrix	1.7-4
methods	4.5.2
mgcv	1.9-4
nlme	3.1-168
nnet	7.3-20
parallel	4.5.2
rpart	4.1.24
spatial	7.3-18
splines	4.5.2
stats	4.5.2
stats4	4.5.2
survival	3.8-6
tcltk	4.5.2
tools	4.5.2
utils	4.5.2
