ENSEMBL_VERSION	external_gene_name	entrezgene_id	chromosome_name	strand	start_position	end_position	logFC	logCPM	F	PValue	FDR	reason
ENSG00000064489.22	BORCS8-MEF2B	NA	19	-1	19145569	19192158	0.246097703	0.409616325	0.985988554	0.343555353	0.500617927	missing_or_nonnumeric_Entrez
ENSG00000137871.20	ZNF280D	54816	15	-1	56630176	56734086	0.321630683	4.287051222	11.18715737	0.00717244	0.026763728	ambiguous_multiple_Ensembl_to_Entrez
ENSG00000188629.12	ZNF177	7730	19	1	9363020	9382617	0.763000374	0.303894136	1.770586604	0.212112371	0.352821286	ambiguous_multiple_Ensembl_to_Entrez
ENSG00000223547.10	ZNF844	284391	19	1	12064731	12081565	1.650492508	1.559473489	4.185485078	0.070200429	0.154253326	ambiguous_multiple_Ensembl_to_Entrez
ENSG00000233757.6		NA	2	1	95207535	95259774	0.060751138	0.060868987	0.05708207	0.815871464	0.890229244	missing_or_nonnumeric_Entrez
ENSG00000255073.8	ZFP91-CNTF	NA	11	1	58579172	58624639	0.96989404	0.131629407	0.141937942	0.714033408	0.822781313	missing_or_nonnumeric_Entrez
ENSG00000257184.3		NA	7	-1	27163535	27180013	0.368713226	-2.167294479	0.230030394	0.650766651	0.775168679	missing_or_nonnumeric_Entrez
ENSG00000267022.1		NA	19	1	44025354	44087318	0.969058092	-0.154339207	0.319856278	0.586716407	0.725320868	missing_or_nonnumeric_Entrez
ENSG00000270011.7	ZNF559-ZNF177	7730	19	1	9324174	9382617	-0.020330722	-1.271668213	0.000111397	0.991781216	0.995075947	ambiguous_multiple_Ensembl_to_Entrez
ENSG00000284691.1		NA	7	1	150400702	150412470	0.031067916	-0.54659102	0.016700311	0.899673164	0.94320368	missing_or_nonnumeric_Entrez
ENSG00000015479.18	MATR3	9782	5	1	139293674	139331677	-0.141658071	8.364540346	2.999972805	0.11315559	0.222064656	ambiguous_multiple_Ensembl_to_Entrez
ENSG00000026036.22	RTEL1-TNFRSF6B	NA	20	1	63659300	63698684	-0.074592641	0.547003416	0.009205838	0.925410062	0.958497239	missing_or_nonnumeric_Entrez
ENSG00000101898.6	MCTS2P	NA	20	1	31547412	31548081	-0.196318801	1.664170972	1.612161458	0.232218007	0.377398889	missing_or_nonnumeric_Entrez
ENSG00000106069.22	CHN2	1124	7	1	29146569	29514328	-0.763666225	4.092198507	1.571317032	0.240724576	0.387016078	ambiguous_multiple_Ensembl_to_Entrez
ENSG00000111215.12	PRR4	5554	12	-1	10845849	10849475	-1.006088059	-2.383344009	2.604417584	0.140059312	0.260002228	ambiguous_multiple_Ensembl_to_Entrez
ENSG00000124593.16		NA	6	1	41780349	41790141	0.247306588	3.491877008	3.509533674	0.089741306	0.186057941	missing_or_nonnumeric_Entrez
ENSG00000130958.13	SLC35D2	11046	9	-1	96313444	96383711	-0.421777525	5.229479239	27.56470908	0.000342477	0.002951842	ambiguous_multiple_Ensembl_to_Entrez
ENSG00000142396.10	ERVK3-1	NA	19	1	58305319	58315663	-0.250773211	5.261005679	13.16290084	0.004435554	0.0187643	missing_or_nonnumeric_Entrez
ENSG00000144785.8		NA	12	-1	56285916	56316059	1.58137935	4.204825497	1.097971735	0.32438622	0.480730702	missing_or_nonnumeric_Entrez
ENSG00000151967.18	SCHIP1	29970	3	1	159839861	159897360	-0.646174971	-2.657027914	0.160803311	0.699951632	0.812055833	ambiguous_multiple_Ensembl_to_Entrez
ENSG00000156968.9	MPV17L	255027	16	1	15395754	15413271	-0.54086292	3.768927552	10.05756181	0.010940009	0.036913175	ambiguous_multiple_Ensembl_to_Entrez
ENSG00000160408.14	ST6GALNAC6	30815	9	-1	127885321	127905408	0.251702094	4.652703655	13.84339704	0.003797443	0.016835939	ambiguous_multiple_Ensembl_to_Entrez
ENSG00000167807.15		NA	19	-1	10305427	10316009	0.087775136	-0.052720427	0.115332838	0.740999109	0.840181261	missing_or_nonnumeric_Entrez
ENSG00000168255.20	POLR2J3	NA	7	-1	102537918	102572653	0.256399582	2.14393585	1.963144524	0.190678884	0.327020142	missing_or_nonnumeric_Entrez
ENSG00000169627.8	BOLA2B	552900	16	-1	30192932	30194306	-0.306093267	6.026696205	2.915075917	0.1177742	0.228792385	ambiguous_multiple_Ensembl_to_Entrez
ENSG00000170846.17		NA	4	1	6663396	6676755	0.020551027	4.028715623	0.058848666	0.813103626	0.88879424	missing_or_nonnumeric_Entrez
ENSG00000171097.14	KYAT1	883	9	-1	128832942	128882494	-0.159945732	2.166281124	0.914206833	0.360977296	0.518706135	ambiguous_multiple_Ensembl_to_Entrez
ENSG00000172014.12	ANKRD20A4P	NA	9	1	64369394	64413142	-0.324571687	-1.728311507	0.169777182	0.828451022	0.898647414	missing_or_nonnumeric_Entrez
ENSG00000172058.15	SERF1A	8293	5	1	70900669	70918530	-0.355138614	1.435940889	3.705477855	0.08237204	0.174470277	ambiguous_multiple_Ensembl_to_Entrez
ENSG00000172062.16	SMN1	6606	5	1	70925030	70953942	-0.312089023	5.702806208	26.75570115	0.000383915	0.003202682	ambiguous_multiple_Ensembl_to_Entrez
ENSG00000173867.10		NA	15	-1	88459501	88546585	-0.786439306	-0.196602529	2.206191283	0.167508562	0.297415621	missing_or_nonnumeric_Entrez
ENSG00000174370.9	C11orf45	NA	11	-1	128899565	128906035	0.160820281	1.589292072	0.604277273	0.458622082	0.613499792	missing_or_nonnumeric_Entrez
ENSG00000176797.3	DEFB103A	55894	8	1	7881392	7882663	-1.375487201	-2.114898829	0.932952072	0.385620069	0.544801088	ambiguous_multiple_Ensembl_to_Entrez
ENSG00000177243.3	DEFB103B	55894	8	-1	7428888	7430348	1.257456061	-2.948308408	0.272678601	0.627498754	0.758317333	ambiguous_multiple_Ensembl_to_Entrez
ENSG00000178440.6	TIMM23B-AGAP6	NA	10	1	49942056	50011654	-0.275715737	3.057794894	7.435712152	0.020844682	0.06023295	missing_or_nonnumeric_Entrez
ENSG00000180953.11	ST20	NA	15	-1	79898840	79923702	-0.237663914	1.985283389	2.66852244	0.132611834	0.249430928	missing_or_nonnumeric_Entrez
ENSG00000182484.15	WASH6P	NA	X	1	156020826	156025710	-0.026631308	3.593634447	0.062489248	0.807535964	0.884780094	missing_or_nonnumeric_Entrez
ENSG00000183148.6	ANKRD20A2P	NA	9	1	40223285	40266845	-0.98640414	-1.185360081	1.245269356	0.289900212	0.4423833	missing_or_nonnumeric_Entrez
ENSG00000183336.8	BOLA2	552900	16	-1	29443056	29454964	-0.07617598	3.502271255	0.325876876	0.580379092	0.72001259	ambiguous_multiple_Ensembl_to_Entrez
ENSG00000183889.12		NA	16	1	16317444	16350590	-2.447757983	1.362044816	1.335393238	0.274038195	0.424373494	missing_or_nonnumeric_Entrez
ENSG00000184154.14	LRTOMT	220074	11	1	72080337	72096895	-0.386983394	2.997036112	11.9604303	0.005909504	0.023123941	ambiguous_multiple_Ensembl_to_Entrez
ENSG00000184206.11	GOLGA6L4	643707	15	1	84235773	84245368	0.078534054	1.505709674	0.256229057	0.985575274	0.99133613	ambiguous_multiple_Ensembl_to_Entrez
ENSG00000185829.17	ARL17A	51326	17	-1	46516702	46579691	-0.120500596	3.579438996	2.048829397	0.182058177	0.316484339	ambiguous_multiple_Ensembl_to_Entrez
ENSG00000188223.9		NA	19	1	35745678	35754519	0.210732001	-1.793857649	0.12267321	0.733984462	0.835878111	missing_or_nonnumeric_Entrez
ENSG00000198225.5	FKBP1C	NA	6	1	63211446	63213024	-0.144340523	1.290282432	0.256499428	0.623235898	0.754953594	missing_or_nonnumeric_Entrez
ENSG00000205571.13	SMN2	6606	5	1	70049638	70078522	0.134271704	4.788741706	0.10544424	0.751912879	0.847819737	ambiguous_multiple_Ensembl_to_Entrez
ENSG00000205572.9	SERF1B	8293	5	1	70025247	70043113	-0.454655161	4.550959324	24.04058381	0.000574584	0.004298924	ambiguous_multiple_Ensembl_to_Entrez
ENSG00000205704.6	LINC00634	NA	22	1	41952174	41958933	-0.11760443	-0.906825971	0.261939758	0.619620615	0.751866635	missing_or_nonnumeric_Entrez
ENSG00000213297.8	ZNF625-ZNF20	NA	19	-1	12132117	12156731	2.219189065	1.016483491	1.896459026	0.215660509	0.357477584	missing_or_nonnumeric_Entrez
ENSG00000214279.13	SCART1	NA	10	1	133453928	133523558	1.057047619	-0.24521003	4.31173337	0.063868089	0.143253084	missing_or_nonnumeric_Entrez
ENSG00000223573.7	TINCR	NA	19	-1	5558167	5578349	1.232166499	5.160858264	40.45453557	7.33E-05	0.001069068	missing_or_nonnumeric_Entrez
ENSG00000224578.5	HNRNPA1P48	NA	16	1	51553436	51647132	-0.563535846	0.795134025	5.283917985	0.04372105	0.10682315	missing_or_nonnumeric_Entrez
ENSG00000228696.8	ARL17B	51326	17	-1	46274784	46361797	-0.173046289	2.129511011	1.734443293	0.216487466	0.358567208	ambiguous_multiple_Ensembl_to_Entrez
ENSG00000231767.4	RPS27AP5	NA	1	1	192716132	192716653	-0.006559113	-1.431471697	0.000166721	0.989945473	0.993990165	missing_or_nonnumeric_Entrez
ENSG00000231887.7	PRH1	5554	12	-1	10824960	11171608	-0.362986592	-1.530821037	0.482671796	0.502637055	0.655723359	ambiguous_multiple_Ensembl_to_Entrez
ENSG00000233024.7	NPIPA9	NA	16	-1	18358086	18379331	0.085225896	4.601334003	0.286252086	0.604028862	0.739924106	missing_or_nonnumeric_Entrez
ENSG00000234857.2	HNRNPUL2-BSCL2	NA	11	-1	62690275	62727384	0.27457038	6.684887771	5.362268657	0.042463823	0.104267814	missing_or_nonnumeric_Entrez
ENSG00000236782.7	ZNF593OS	NA	1	-1	26169516	26171831	0.127176515	-0.686456683	0.214008509	0.681143466	0.798688071	missing_or_nonnumeric_Entrez
ENSG00000237988.5	OR2I1P	NA	6	1	29550407	29557721	1.602391168	0.038346994	7.147541431	0.030768146	0.08127195	missing_or_nonnumeric_Entrez
ENSG00000241489.8		NA	X	-1	149477104	149540926	0.829467763	2.5761846	5.303752802	0.043398523	0.106122727	missing_or_nonnumeric_Entrez
ENSG00000243696.5		NA	3	-1	52813282	52835729	0.286800614	-0.944987665	0.623012741	0.803618001	0.881989231	missing_or_nonnumeric_Entrez
ENSG00000248710.1		NA	3	-1	160227454	160449829	-0.160228196	-0.322961603	0.051148434	0.825516822	0.896792873	missing_or_nonnumeric_Entrez
ENSG00000249209.2		NA	21	-1	33584687	33931607	0.234074017	-0.58148355	0.628074795	0.445992503	0.602211957	missing_or_nonnumeric_Entrez
ENSG00000249240.2		NA	15	1	64841883	64930920	0.901762705	-2.726930121	0.402302788	0.548350731	0.693356328	missing_or_nonnumeric_Entrez
ENSG00000249319.2		NA	7	1	66087761	66152277	1.657554892	-1.854048117	5.431298435	0.041392602	0.102299452	missing_or_nonnumeric_Entrez
ENSG00000249624.9		NA	21	1	33229892	33297160	3.029600732	2.724141579	0.628597901	0.4529813	0.608788995	missing_or_nonnumeric_Entrez
ENSG00000249773.3		NA	7	1	55887277	55955239	1.159348008	0.758312283	8.732450655	0.014029947	0.044584323	missing_or_nonnumeric_Entrez
ENSG00000250264.1		NA	6	-1	32813767	32838822	-0.082559407	3.946843586	0.11380128	0.742654135	0.841203246	missing_or_nonnumeric_Entrez
ENSG00000250644.3		NA	11	-1	1734821	1763954	0.88144517	5.608329917	48.26049473	3.47E-05	0.000641839	missing_or_nonnumeric_Entrez
ENSG00000251184.1		NA	9	1	128941478	128957021	3.478393573	-3.582637244	1.810363767	0.225120731	0.369025443	missing_or_nonnumeric_Entrez
ENSG00000251537.4		NA	17	-1	15571491	15651653	-0.415674628	-1.136111368	0.356207437	0.571545586	0.712549861	missing_or_nonnumeric_Entrez
ENSG00000251569.1		NA	2	1	169479480	169525922	-2.164926314	-0.441481184	5.926380074	0.036983098	0.093467052	missing_or_nonnumeric_Entrez
ENSG00000253352.9	TUG1	NA	22	1	30969245	30979395	-0.238841502	7.468569096	28.49126931	0.000301407	0.002709916	missing_or_nonnumeric_Entrez
ENSG00000254413.8	CHKB-CPT1B	NA	22	-1	50568869	50582965	0.257067931	2.485214034	1.895902218	0.197823504	0.33527142	missing_or_nonnumeric_Entrez
ENSG00000254445.1	HSPB2-C11orf52	NA	11	1	111912736	111926871	-1.021643157	-1.706884678	1.759839121	0.875691215	0.929365353	missing_or_nonnumeric_Entrez
ENSG00000254827.5	SLC22A18AS	NA	11	-1	2887344	2903575	0.570716758	0.23976045	1.792593812	0.209506046	0.34986233	missing_or_nonnumeric_Entrez
ENSG00000254870.5	ATP6V1G2-DDX39B	NA	6	-1	31530219	31546608	-0.563091606	1.84900658	7.959470382	0.017694064	0.053254924	missing_or_nonnumeric_Entrez
ENSG00000255152.8	MSH5-SAPCD1	NA	6	1	31740020	31764851	-0.745937374	1.749541511	3.589259407	0.086647635	0.181423084	missing_or_nonnumeric_Entrez
ENSG00000255330.9		NA	6	-1	127438406	127519001	0.065579913	3.951464872	0.009861477	0.923011776	0.957170942	missing_or_nonnumeric_Entrez
ENSG00000255339.6		NA	10	-1	100505628	100529881	0.034068418	-0.046895532	0.017980356	0.895923503	0.941072604	missing_or_nonnumeric_Entrez
ENSG00000255439.6		NA	16	-1	31083439	31094956	-0.32752395	0.543016676	1.039743924	0.331312431	0.488064172	missing_or_nonnumeric_Entrez
ENSG00000255508.7		NA	11	-1	62559603	62591531	-0.014128548	4.123346084	0.035602852	0.85401651	0.915110444	missing_or_nonnumeric_Entrez
ENSG00000255639.3		NA	12	1	4649101	4774184	0.041048672	5.520812634	0.448826459	0.51767987	0.66962192	missing_or_nonnumeric_Entrez
ENSG00000255641.1		NA	12	-1	10412312	10436001	-1.142416244	0.968637115	4.913082183	0.234737409	0.380115868	missing_or_nonnumeric_Entrez
ENSG00000256206.2		NA	11	-1	14493783	14520344	-0.405405371	1.016425214	5.336776648	0.042867962	0.1050858	missing_or_nonnumeric_Entrez
ENSG00000256500.5		NA	14	1	103562962	103685924	-0.25204414	3.887755504	4.699721262	0.054686703	0.126771385	missing_or_nonnumeric_Entrez
ENSG00000256514.1		NA	11	-1	67351572	67373584	-1.827701587	3.522397893	1.28819538	0.284890879	0.436971194	missing_or_nonnumeric_Entrez
ENSG00000256591.5		NA	11	1	61429220	61485822	0.146951486	3.18987179	0.343639124	0.570401392	0.711451344	missing_or_nonnumeric_Entrez
ENSG00000256861.1		NA	12	-1	122207779	122266423	2.054395034	2.267632041	2.030328454	0.186991433	0.322452368	missing_or_nonnumeric_Entrez
ENSG00000256950.2		NA	12	1	121888809	121921470	0.468796243	-2.510696162	0.066175022	0.802612099	0.881621985	missing_or_nonnumeric_Entrez
ENSG00000257207.5		NA	2	-1	110402934	110473075	-0.800618167	-1.157686046	0.782762775	0.40130368	0.559914191	missing_or_nonnumeric_Entrez
ENSG00000257524.6		30815	9	-1	127867850	127906022	0.238853926	0.833083943	0.694848902	0.423492926	0.581271732	ambiguous_multiple_Ensembl_to_Entrez
ENSG00000257767.2		NA	12	1	111753890	111791418	0.087821386	2.714374551	0.0447771	0.836556919	0.903274241	missing_or_nonnumeric_Entrez
ENSG00000257921.6		NA	12	1	57772660	57797554	0.035242799	-0.327083963	0.005000569	0.944983642	0.968848723	missing_or_nonnumeric_Entrez
ENSG00000257950.3	P2RX5-TAX1BP3	NA	17	-1	3663063	3696194	-0.344794725	2.428308967	3.705850552	0.082358757	0.174467111	missing_or_nonnumeric_Entrez
ENSG00000258311.5		NA	12	1	55716036	55724703	-0.144067347	1.84704771	0.396299638	0.542763652	0.688433559	missing_or_nonnumeric_Entrez
ENSG00000258388.7	PPT2-EGFL8	NA	6	1	32153845	32171978	-0.305844697	1.945648844	1.456038742	0.254634877	0.402940974	missing_or_nonnumeric_Entrez
ENSG00000258461.5		NA	15	1	42348103	42412317	1.168842479	-0.880049459	2.327676212	0.160475956	0.288368015	missing_or_nonnumeric_Entrez
ENSG00000258465.7		NA	1	-1	160216800	160285130	-0.087971217	2.396300947	0.019154728	0.89260141	0.938849202	missing_or_nonnumeric_Entrez
ENSG00000258466.5		NA	14	-1	67659820	67690367	0.353687071	-0.586183534	1.296934386	0.413639635	0.572258854	missing_or_nonnumeric_Entrez
ENSG00000258529.5		NA	11	-1	111786286	111879425	0.915825071	-0.586631709	1.716700272	0.218679403	0.360663822	missing_or_nonnumeric_Entrez
ENSG00000258539.1		NA	10	-1	124617080	124791727	0.470930669	-0.047993278	2.524055965	0.142419494	0.26300738	missing_or_nonnumeric_Entrez
ENSG00000258555.6	SPECC1L-ADORA2A	NA	22	1	24270898	24442356	-0.134414953	0.000286493	0.007821683	0.931409065	0.961367008	missing_or_nonnumeric_Entrez
ENSG00000258653.3		NA	14	1	73851971	73932278	-0.278410628	0.654191397	0.756368973	0.404345703	0.563344185	missing_or_nonnumeric_Entrez
ENSG00000258674.5		NA	19	1	19516227	19536076	0.27203162	0.059153029	1.700762467	0.220673727	0.363264792	missing_or_nonnumeric_Entrez
ENSG00000258677.2		NA	8	-1	73688691	73878854	0.205281117	0.205680883	0.089500553	0.770782802	0.861474158	missing_or_nonnumeric_Entrez
ENSG00000258691.1		NA	14	1	96204844	96263929	0.370090153	-2.739121239	0.19119988	0.683158586	0.800100025	missing_or_nonnumeric_Entrez
ENSG00000258790.1		NA	14	1	35122549	35317474	-0.100413912	1.086940451	0.020933125	0.88776277	0.936021746	missing_or_nonnumeric_Entrez
ENSG00000258830.1		NA	12	-1	57249609	57296484	0.742357483	-0.639532784	0.824195716	0.384774839	0.543918507	missing_or_nonnumeric_Entrez
ENSG00000258864.1		NA	5	1	112827213	112867582	1.194724418	-1.353889245	0.636307231	0.443113369	0.599492648	missing_or_nonnumeric_Entrez
ENSG00000258881.6		NA	2	-1	70939318	70995336	-0.967719281	-1.729139762	3.690410628	0.082911304	0.175386563	missing_or_nonnumeric_Entrez
ENSG00000259040.5	BLOC1S5-TXNDC5	NA	6	-1	7881522	8064364	0.695035806	0.511479292	0.204994569	0.66597839	0.78745719	missing_or_nonnumeric_Entrez
ENSG00000259132.1		NA	14	-1	22946270	22982258	-5.362645159	-3.235968425	17.18560051	0.043089182	0.105505757	missing_or_nonnumeric_Entrez
ENSG00000259171.1		NA	14	1	20684587	20700576	0.796407939	0.61758576	0.825882837	0.386495853	0.545598379	missing_or_nonnumeric_Entrez
ENSG00000259288.6	BUB1B-PAK6	NA	15	1	40218500	40264890	2.048740241	-1.913844184	0.494086805	0.507378322	0.659837646	missing_or_nonnumeric_Entrez
ENSG00000259522.3		NA	14	-1	24180395	24190416	-0.020746691	2.41869525	0.017221611	0.898129026	0.942385951	missing_or_nonnumeric_Entrez
ENSG00000259529.2		NA	14	1	24147548	24166452	0.643297894	2.568056937	15.16308988	0.00284684	0.013613824	missing_or_nonnumeric_Entrez
ENSG00000260007.3		NA	15	-1	68184032	68229718	-0.145329385	-1.038467163	0.079683238	0.783337219	0.868360113	missing_or_nonnumeric_Entrez
ENSG00000260170.1		NA	15	1	45587351	45676314	0.310597424	-1.201168264	0.482537072	0.502695348	0.6557416	missing_or_nonnumeric_Entrez
ENSG00000260272.1		NA	16	1	2496032	2520218	1.528306081	-2.887605451	1.391943003	0.288627348	0.440895554	missing_or_nonnumeric_Entrez
ENSG00000260342.2		NA	16	-1	18788063	18801519	0.611882561	2.385763451	1.726798372	0.217428283	0.359602276	missing_or_nonnumeric_Entrez
ENSG00000260643.2		NA	16	-1	81053587	81096296	-0.377658752	-0.001730321	0.27895604	0.608614755	0.743510794	missing_or_nonnumeric_Entrez
ENSG00000260914.3		NA	16	1	69299682	69322700	0.146192188	4.86487965	1.329178269	0.275092538	0.425357274	missing_or_nonnumeric_Entrez
ENSG00000261130.5		255027	16	1	15395754	15515348	0.901954935	-2.911517393	0.178370692	0.693207551	0.806824896	ambiguous_multiple_Ensembl_to_Entrez
ENSG00000261147.1		NA	15	1	90249556	90272208	-0.251173381	6.289295908	13.51143497	0.004093887	0.017720218	missing_or_nonnumeric_Entrez
ENSG00000261611.6		NA	16	-1	71447600	71489311	1.65156342	-0.868130396	2.351251274	0.162524156	0.290876226	missing_or_nonnumeric_Entrez
ENSG00000261717.5		NA	16	-1	75412684	75464706	-0.166998538	0.105349758	0.271349933	0.613479176	0.747048327	missing_or_nonnumeric_Entrez
ENSG00000261732.1		NA	16	1	1632259	1686715	-0.158569597	0.047682856	0.109326464	0.747562579	0.844259661	missing_or_nonnumeric_Entrez
ENSG00000261884.2		NA	16	-1	67929614	67936017	-0.303654047	0.259364836	1.527869034	0.243971144	0.390834484	missing_or_nonnumeric_Entrez
ENSG00000261915.6		NA	17	-1	7312661	7319174	0.723131327	0.58615393	13.62639143	0.003988186	0.017451559	missing_or_nonnumeric_Entrez
ENSG00000262481.5	TMEM256-PLSCR3	NA	17	-1	7389734	7404097	0.098068673	-2.228469058	0.0028168	0.959103434	0.977734499	missing_or_nonnumeric_Entrez
ENSG00000262633.2		NA	17	1	46923133	47049932	0.383751357	0.428901703	0.143771819	0.71228571	0.821827286	missing_or_nonnumeric_Entrez
ENSG00000263020.6		NA	6	1	31666102	31673546	0.921157286	1.098612941	12.94955461	0.004661621	0.019340435	missing_or_nonnumeric_Entrez
ENSG00000263620.1		NA	17	-1	8150816	8162975	0.362862347	1.453759182	3.085814647	0.108715451	0.215378844	missing_or_nonnumeric_Entrez
ENSG00000263874.2	LINC00672	NA	17	1	38925168	38929384	0.392231915	-1.245604445	0.37172938	0.555318691	0.698882669	missing_or_nonnumeric_Entrez
ENSG00000264187.1		NA	17	-1	17202649	17237185	-0.306244392	-1.448641125	0.23448638	0.638382956	0.766538775	missing_or_nonnumeric_Entrez
ENSG00000264545.1		NA	9	1	21802636	22029594	-0.01072631	0.893375358	0.001798695	0.967071052	0.982203315	missing_or_nonnumeric_Entrez
ENSG00000265690.7		NA	16	1	67163385	67165815	-0.126885764	1.543773068	0.320860588	0.583263231	0.722500424	missing_or_nonnumeric_Entrez
ENSG00000266086.2		NA	17	-1	57989038	58007246	0.911138664	2.587629785	36.89619983	0.000107343	0.001350822	missing_or_nonnumeric_Entrez
ENSG00000266302.6		NA	17	1	16690261	16804453	0.486530587	0.730871595	0.649856712	0.901855308	0.944439954	missing_or_nonnumeric_Entrez
ENSG00000267001.1		NA	19	-1	2717769	2740048	0.065730224	2.00728837	0.063899084	0.805426494	0.883319007	missing_or_nonnumeric_Entrez
ENSG00000267120.3		NA	19	-1	35739252	35745432	-0.359937319	0.872861828	2.25894491	0.162970832	0.291562542	missing_or_nonnumeric_Entrez
ENSG00000267127.7		NA	18	1	80034346	80097088	-0.382460879	-1.92816081	0.792538169	0.978939478	0.988153968	missing_or_nonnumeric_Entrez
ENSG00000267303.1		NA	19	-1	10315471	10320678	-1.638930598	-1.369859295	0.849257771	0.41968701	0.57799516	missing_or_nonnumeric_Entrez
ENSG00000267645.5		NA	7	-1	102637049	102671641	0.095620205	3.590218155	1.015159692	0.862904996	0.920568846	missing_or_nonnumeric_Entrez
ENSG00000267699.2		NA	18	1	50968019	51058144	0.052390762	-1.372735886	0.006244585	0.939147465	0.96554387	missing_or_nonnumeric_Entrez
ENSG00000267706.3		NA	19	-1	55352301	55359516	-0.304301834	-1.369628532	0.255428498	0.799310678	0.879863499	missing_or_nonnumeric_Entrez
ENSG00000267740.5		NA	19	-1	5866171	5903787	0.361367288	-0.909884423	1.938063292	0.193303417	0.330105847	missing_or_nonnumeric_Entrez
ENSG00000267748.4		NA	19	1	38289151	38304910	1.253114503	-1.919314343	2.589744838	0.145014713	0.266196072	missing_or_nonnumeric_Entrez
ENSG00000267881.1		NA	19	1	41708657	41756737	0.236411397	2.718703462	0.193464751	0.670130698	0.790157295	missing_or_nonnumeric_Entrez
ENSG00000268107.6		NA	19	1	57487718	57517559	0.108111039	-0.498147713	0.202884241	0.661767268	0.784252279	missing_or_nonnumeric_Entrez
ENSG00000268173.3		NA	19	1	18153158	18178117	0.56460065	3.351752002	5.182472544	0.04541722	0.1098969	missing_or_nonnumeric_Entrez
ENSG00000268279.4		NA	3	1	14135217	14148252	-0.037201628	-0.391979103	0.019312614	0.892162794	0.938654712	missing_or_nonnumeric_Entrez
ENSG00000268533.1		NA	19	1	57394183	57438457	-0.262316271	-0.301194783	0.696800532	0.422863335	0.580676857	missing_or_nonnumeric_Entrez
ENSG00000268614.1		NA	19	1	7533595	7540059	0.42075446	1.649257385	3.394732695	0.094442263	0.193172967	missing_or_nonnumeric_Entrez
ENSG00000269242.1		NA	19	-1	12643831	12648397	-0.157268129	0.869866256	0.168422537	0.689952864	0.804365246	missing_or_nonnumeric_Entrez
ENSG00000269403.1		NA	19	-1	51350373	51368099	-0.301514134	-2.217133023	0.352616101	0.896711232	0.941432288	missing_or_nonnumeric_Entrez
ENSG00000269476.1		NA	19	-1	57876765	57916591	-0.019726169	-2.742934204	0.005141884	0.944213122	0.96835828	missing_or_nonnumeric_Entrez
ENSG00000269741.5		NA	19	-1	50996018	51009581	1.382625182	-1.987350046	2.137201186	0.192041113	0.328708817	missing_or_nonnumeric_Entrez
ENSG00000269825.1		NA	19	-1	52650447	52690533	-0.061435188	2.362853483	0.282786382	0.607394632	0.742449257	missing_or_nonnumeric_Entrez
ENSG00000270149.5		NA	1	-1	160997957	161038962	0.034603493	5.677109573	0.079132917	0.784065306	0.868485548	missing_or_nonnumeric_Entrez
ENSG00000271741.1		NA	1	-1	34981533	35031741	0.30037698	2.32753516	6.14273964	0.032066772	0.084026614	missing_or_nonnumeric_Entrez
ENSG00000271793.1		NA	6	-1	85504776	85678733	-0.159714628	0.249725523	0.343341093	0.570565882	0.711596535	missing_or_nonnumeric_Entrez
ENSG00000272410.5		NA	3	1	10249372	10285796	-0.903172964	2.349514765	8.176802842	0.016557666	0.050575211	missing_or_nonnumeric_Entrez
ENSG00000272617.3		NA	16	-1	69328644	69334871	-0.676403144	1.721896624	0.13341371	0.72532207	0.829029872	missing_or_nonnumeric_Entrez
ENSG00000272772.1		NA	5	-1	134167170	134226071	0.133311676	1.911284768	0.086726852	0.774250118	0.863284676	missing_or_nonnumeric_Entrez
ENSG00000272896.1		NA	9	1	136791379	136800595	0.041278064	0.000276464	0.027113112	0.872408692	0.927498292	missing_or_nonnumeric_Entrez
ENSG00000272897.5		NA	20	-1	35632340	35674544	1.782109613	-2.020353328	6.041959483	0.033219209	0.086126678	missing_or_nonnumeric_Entrez
ENSG00000272916.5		NA	10	-1	73796514	73811651	0.465160341	2.575639454	8.268817622	0.016103227	0.049545042	missing_or_nonnumeric_Entrez
ENSG00000272921.1		NA	12	1	4604944	4662643	-0.02740938	4.647300946	0.104679222	0.75278062	0.84853381	missing_or_nonnumeric_Entrez
ENSG00000273003.1	ARL2-SNX15	NA	11	1	65014182	65040570	1.583649843	-3.254227983	0.45172106	0.529885627	0.678714318	missing_or_nonnumeric_Entrez
ENSG00000273088.1		NA	1	-1	155169409	155187272	0.001410775	1.223578543	5.76E-05	0.994089138	0.996513253	missing_or_nonnumeric_Entrez
ENSG00000273154.3		NA	20	1	63708864	63739103	-0.070791265	3.059640065	0.223220882	0.64648179	0.771928676	missing_or_nonnumeric_Entrez
ENSG00000273155.1		NA	2	1	99154998	99195298	-0.607841826	-1.207156521	1.690102749	0.222021218	0.364995779	missing_or_nonnumeric_Entrez
ENSG00000273259.3		NA	14	1	94592058	94624646	-0.228214249	-2.421223331	0.034521815	0.859549506	0.918614663	missing_or_nonnumeric_Entrez
ENSG00000273398.6		NA	2	-1	68131238	68261230	-0.416333965	1.707061877	1.703018826	0.220389908	0.362918688	missing_or_nonnumeric_Entrez
ENSG00000274810.4	NPHP3-ACAD11	NA	3	-1	132558142	132722459	-0.345041505	2.266127988	1.724622418	0.217697065	0.359752629	missing_or_nonnumeric_Entrez
ENSG00000274944.4		NA	1	-1	38864501	38881617	-0.45986302	1.405599065	0.376838494	0.552661073	0.696663647	missing_or_nonnumeric_Entrez
ENSG00000275163.1		NA	3	1	178419123	178843300	-1.398504215	-1.684679245	1.826711685	0.231688824	0.376787132	missing_or_nonnumeric_Entrez
ENSG00000275740.1		NA	5	1	146203550	146339251	-0.010343909	3.046517037	0.01115523	0.917920762	0.954423478	missing_or_nonnumeric_Entrez
ENSG00000275778.2		NA	12	-1	10845849	11171600	-0.011476822	1.092421876	0.005299742	0.943364888	0.967823708	missing_or_nonnumeric_Entrez
ENSG00000277957.1	SENP3-EIF4A1	NA	17	1	7563287	7578715	-0.746140741	0.57874467	2.194923282	0.171656793	0.302746857	missing_or_nonnumeric_Entrez
ENSG00000278662.4	GOLGA6L10	643707	15	-1	82339993	82349475	-0.576592881	0.746908644	4.005839449	0.072476846	0.15822169	ambiguous_multiple_Ensembl_to_Entrez
ENSG00000279765.3		NA	15	1	92883413	92949230	-0.526855293	-1.738702721	0.377584722	0.552275017	0.696414279	missing_or_nonnumeric_Entrez
ENSG00000280433.1		NA	21	-1	5155499	5165472	-0.067404877	3.170621013	0.600231993	0.455965482	0.611216772	missing_or_nonnumeric_Entrez
ENSG00000280893.1		NA	16	1	29812261	29820092	-0.441122055	3.279166511	2.653572738	0.136792501	0.255499257	missing_or_nonnumeric_Entrez
ENSG00000280987.4	MATR3	9782	5	1	139273752	139331671	0.322052013	6.577491748	5.448430689	0.041131872	0.101757033	ambiguous_multiple_Ensembl_to_Entrez
ENSG00000281348.1		NA	16	1	29817239	29830627	-0.496229515	1.055691435	0.147446004	0.708822565	0.818817043	missing_or_nonnumeric_Entrez
ENSG00000281406.2	BLACAT1	NA	1	-1	205434885	205457091	-0.377552517	2.82183581	4.60123459	0.056854398	0.130742538	missing_or_nonnumeric_Entrez
ENSG00000282034.1		NA	16	1	30704067	30745169	-0.003751854	5.814550055	0.001810161	0.966879718	0.982155039	missing_or_nonnumeric_Entrez
ENSG00000282936.1		NA	17	-1	6628619	6640456	0.322596276	1.325623162	2.984322888	0.113989562	0.223405049	missing_or_nonnumeric_Entrez
ENSG00000282988.2		NA	6	-1	26195595	26199293	0.425555583	1.320761719	3.213188377	0.102523223	0.206000952	missing_or_nonnumeric_Entrez
ENSG00000283149.1		NA	3	1	186581995	186597103	0.40085411	0.936543837	0.096831193	0.762554098	0.855835485	missing_or_nonnumeric_Entrez
ENSG00000283154.2	IQCJ-SCHIP1	29970	3	1	158962235	159897366	-0.26016982	3.313322795	0.691256526	0.424655791	0.58248967	ambiguous_multiple_Ensembl_to_Entrez
ENSG00000283189.2		NA	3	-1	49416777	49429314	0.869324308	-2.638249188	0.284107703	0.605368727	0.741135985	missing_or_nonnumeric_Entrez
ENSG00000283515.1		NA	19	1	58228914	58315183	-0.098077119	1.418109917	0.002486573	0.961288088	0.978815358	missing_or_nonnumeric_Entrez
ENSG00000283580.3		NA	1	1	42767292	42794493	-0.591772983	1.659304992	5.96928853	0.034081595	0.087885263	missing_or_nonnumeric_Entrez
ENSG00000283663.1		NA	19	-1	49055793	49065076	1.132180919	-1.832251853	3.154970089	0.108470389	0.215037279	missing_or_nonnumeric_Entrez
ENSG00000283761.1		NA	1	1	99970011	100083321	1.438534483	0.039645714	10.92653531	0.007669684	0.028143729	missing_or_nonnumeric_Entrez
ENSG00000283765.1		NA	3	-1	183815568	183884889	-1.196671111	-1.394850903	1.200112079	0.298337064	0.450887481	missing_or_nonnumeric_Entrez
ENSG00000283782.2		NA	5	1	132410832	132646079	3.29239257	2.092754059	2.129406346	0.174410972	0.306399332	missing_or_nonnumeric_Entrez
ENSG00000283809.1		NA	22	1	18906238	18947732	-0.068472315	0.401330185	0.073759044	0.791324368	0.873940994	missing_or_nonnumeric_Entrez
ENSG00000283886.2		NA	9	-1	39816599	39874562	-1.440689865	0.979169731	2.491639354	0.909803935	0.949691391	missing_or_nonnumeric_Entrez
ENSG00000283930.1	PLD5P1	NA	10	1	38094368	38360098	0.57764924	-0.010858356	1.307090616	0.278885748	0.429964599	missing_or_nonnumeric_Entrez
ENSG00000283977.1		NA	11	1	6481485	6508978	0.750530721	-1.512023876	0.963083011	0.354263396	0.512273141	missing_or_nonnumeric_Entrez
ENSG00000284057.1		NA	11	1	93741664	93812378	-0.099274798	3.667382966	0.706433371	0.419777822	0.57799516	missing_or_nonnumeric_Entrez
ENSG00000284292.1		NA	7	1	99325879	99394653	-0.070834945	1.991625492	0.173533758	0.685567471	0.801462438	missing_or_nonnumeric_Entrez
ENSG00000284337.1		NA	2	1	109898432	109968557	-0.344513759	-1.412808079	0.058488141	0.815587177	0.890108749	missing_or_nonnumeric_Entrez
ENSG00000284431.1		NA	22	1	40346529	40410054	0.086853941	3.01000672	0.172379709	0.686550877	0.801915266	missing_or_nonnumeric_Entrez
ENSG00000284461.2		NA	7	1	66628958	66811189	-0.254369051	0.789741021	0.404825594	0.538535741	0.685232723	missing_or_nonnumeric_Entrez
ENSG00000284512.1		NA	16	-1	81022316	81096284	-0.313022473	-0.844872446	0.168121953	0.6902132	0.804605368	missing_or_nonnumeric_Entrez
ENSG00000284526.1		NA	17	-1	76563710	76570544	-0.678749112	1.878773246	7.367510603	0.021303237	0.061288219	missing_or_nonnumeric_Entrez
ENSG00000284770.2	TBCE	6905	1	1	235367360	235452443	-0.367151495	5.049669857	50.30028067	2.90E-05	0.000582458	ambiguous_multiple_Ensembl_to_Entrez
ENSG00000284773.1		NA	1	-1	34974356	34985313	0.818299292	-0.180370794	2.931333857	0.116871546	0.22754664	missing_or_nonnumeric_Entrez
ENSG00000284820.1		NA	2	-1	219209772	219222738	0.246250822	1.872163584	1.356270249	0.2705374	0.420491278	missing_or_nonnumeric_Entrez
ENSG00000284874.1		NA	22	1	19717220	19724772	0.73791057	-0.224363364	1.155179841	0.307082349	0.460716918	missing_or_nonnumeric_Entrez
ENSG00000284906.1		NA	15	1	30624548	30685606	-0.533753888	2.381012191	5.501431569	0.040337873	0.100211547	missing_or_nonnumeric_Entrez
ENSG00000284922.1		220074	11	1	72080331	72110782	-0.729401528	-2.040060029	0.425846378	0.529891562	0.678714318	ambiguous_multiple_Ensembl_to_Entrez
ENSG00000284946.1		NA	15	-1	90966190	91022566	-0.027166417	3.527800932	0.019647247	0.89123918	0.938083117	missing_or_nonnumeric_Entrez
ENSG00000284969.1		NA	11	-1	33698261	33722467	0.785366354	0.449968035	1.144809584	0.309152682	0.462697263	missing_or_nonnumeric_Entrez
ENSG00000284976.1		NA	9	1	137217452	137219361	0.067358264	4.454871972	0.419475544	0.531417299	0.679575935	missing_or_nonnumeric_Entrez
ENSG00000285000.1		NA	5	1	77030902	77152155	-0.667923339	-0.885054944	0.62907006	0.469495816	0.624489356	missing_or_nonnumeric_Entrez
ENSG00000285053.1	TBCE	6905	1	1	235328570	235448952	-0.797242407	2.885497041	0.288110667	0.602872864	0.739058608	ambiguous_multiple_Ensembl_to_Entrez
ENSG00000285130.2		NA	9	1	69035747	69255187	-0.423024843	1.025141362	0.091654749	0.771886061	0.862188982	missing_or_nonnumeric_Entrez
ENSG00000285162.1		1124	7	1	29122340	29514667	1.375002252	-1.507696902	2.890288562	0.269829868	0.419851984	ambiguous_multiple_Ensembl_to_Entrez
ENSG00000285188.1		NA	19	-1	18207961	18255419	0.39095105	0.350465534	0.703257492	0.420791071	0.578851743	missing_or_nonnumeric_Entrez
ENSG00000285238.2		NA	12	-1	6556886	6607367	0.901955439	-0.159791974	0.693030865	0.424080786	0.581916695	missing_or_nonnumeric_Entrez
ENSG00000285253.1		54816	15	-1	56652488	56918571	0.371807383	1.991711212	1.657735049	0.226181118	0.370361532	ambiguous_multiple_Ensembl_to_Entrez
ENSG00000285269.2		11046	9	-1	96235331	96352058	-0.055461311	0.459480312	0.048379567	0.830220169	0.899709159	ambiguous_multiple_Ensembl_to_Entrez
ENSG00000285304.1		NA	22	1	37639693	37666932	-0.891186016	1.882468783	5.255831098	0.044182791	0.10763146	missing_or_nonnumeric_Entrez
ENSG00000285444.1		NA	13	-1	51763951	51845159	-1.585085383	-0.522168011	2.730442218	0.131878696	0.248525764	missing_or_nonnumeric_Entrez
ENSG00000285458.1		NA	4	-1	86886472	86936178	-0.769854348	0.734301206	10.94788344	0.007627426	0.028037328	missing_or_nonnumeric_Entrez
ENSG00000285508.1		NA	20	-1	10413520	10431922	-0.448414908	3.563600056	15.86247963	0.002459552	0.012214157	missing_or_nonnumeric_Entrez
ENSG00000285542.1		NA	2	1	44168851	44320310	0.277591133	-0.321798336	0.420536978	0.530908532	0.679332009	missing_or_nonnumeric_Entrez
ENSG00000285585.1		NA	3	1	119703076	119807570	2.275333218	-2.853368142	3.296912775	0.117241089	0.228051905	missing_or_nonnumeric_Entrez
ENSG00000285589.1		NA	19	-1	12668071	12681834	0.002515647	2.780962423	0.000395418	0.984516252	0.990980229	missing_or_nonnumeric_Entrez
ENSG00000285629.1		NA	1	-1	6159430	6197757	-0.134259527	3.84395752	0.244430668	0.631433871	0.761146034	missing_or_nonnumeric_Entrez
ENSG00000285641.1		NA	1	-1	153975850	153986246	0.578260316	1.964408212	7.492477537	0.020472108	0.05947521	missing_or_nonnumeric_Entrez
ENSG00000285713.1		NA	4	-1	144210701	145098174	-0.381333052	-1.317915504	2.111175147	0.176103966	0.308494626	missing_or_nonnumeric_Entrez
ENSG00000285723.1		NA	20	-1	10420546	10420737	-0.199864796	1.261320643	0.219150981	0.649469995	0.774247339	missing_or_nonnumeric_Entrez
ENSG00000285733.1		NA	6	-1	169419969	169702047	0.043828619	-2.539908592	0.001118121	0.974118577	0.985236524	missing_or_nonnumeric_Entrez
ENSG00000285816.1		NA	11	1	65261928	65326543	-0.077679121	3.69653027	0.181887616	0.678562162	0.796579099	missing_or_nonnumeric_Entrez
ENSG00000285827.1		NA	11	1	118401602	118482737	0.110834356	1.888523788	0.331400944	0.577237384	0.717197216	missing_or_nonnumeric_Entrez
ENSG00000285839.1		NA	1	-1	52020153	52033350	0.296159085	4.433917044	0.037274493	0.851073572	0.912882351	missing_or_nonnumeric_Entrez
ENSG00000285901.1		NA	12	1	4273762	4405490	1.121715026	0.231201636	0.330488334	0.582730398	0.7224451	missing_or_nonnumeric_Entrez
ENSG00000285932.1		NA	10	-1	99651595	99732112	0.040493635	0.109638329	0.020984736	0.887625551	0.935967079	missing_or_nonnumeric_Entrez
ENSG00000285942.1		NA	15	-1	42497395	42548786	0.578848085	-0.810042227	0.287275234	0.603391881	0.739327409	missing_or_nonnumeric_Entrez
ENSG00000285943.1		NA	3	-1	113361901	113515151	-0.143049981	2.10404849	0.875997705	0.370797386	0.528603267	missing_or_nonnumeric_Entrez
ENSG00000285953.1		NA	7	-1	92131774	92245924	-0.281093221	1.240254244	0.646717759	0.439516387	0.596163859	missing_or_nonnumeric_Entrez
ENSG00000285976.1		NA	6	1	63572472	63583587	0.440347579	6.486291784	27.31036811	0.0003549	0.003035935	missing_or_nonnumeric_Entrez
ENSG00000285991.1		NA	6	-1	149817937	149896011	0.58976711	-0.619108346	0.55787011	0.471881729	0.626817854	missing_or_nonnumeric_Entrez
ENSG00000286001.1		NA	5	1	218298	314955	0.335040624	2.186595325	3.300476459	0.098534036	0.19959009	missing_or_nonnumeric_Entrez
ENSG00000286070.1		NA	22	1	24556007	24628987	1.829245583	2.918291289	3.769674633	0.086970197	0.181918297	missing_or_nonnumeric_Entrez
ENSG00000286075.1		NA	7	-1	6331215	6348758	0.316817808	4.740220521	0.112061393	0.744549538	0.842077846	missing_or_nonnumeric_Entrez
ENSG00000286088.1		NA	10	-1	122832167	122879583	0.351024386	-0.084328216	0.331642024	0.577101082	0.71708807	missing_or_nonnumeric_Entrez
ENSG00000286098.1		284391	19	1	11987641	12078106	-1.046604111	-2.144308563	0.641622764	0.477325129	0.632378567	ambiguous_multiple_Ensembl_to_Entrez
ENSG00000286106.1	NOTCH2NLR	NA	1	1	120723946	120793874	0.120033373	0.285047803	0.042582909	0.841505884	0.906613417	missing_or_nonnumeric_Entrez
ENSG00000286112.1		883	9	-1	128819663	128881931	-0.36476424	1.080201396	1.055067379	0.327939674	0.484349225	ambiguous_multiple_Ensembl_to_Entrez
ENSG00000286132.1		NA	19	1	12075327	12113325	-0.163272139	0.016975851	0.009807344	0.924773983	0.95813243	missing_or_nonnumeric_Entrez
ENSG00000286185.1		NA	1	1	149390623	149556361	0.677828652	-0.846636314	0.459231394	0.516502505	0.668556916	missing_or_nonnumeric_Entrez
ENSG00000286192.1		NA	7	-1	1815804	2242215	-0.272645052	4.620876518	11.97484884	0.005888619	0.02305441	missing_or_nonnumeric_Entrez
ENSG00000286231.1		NA	1	1	220786990	220884503	0.582368926	1.497616676	0.657647944	0.435791447	0.593075831	missing_or_nonnumeric_Entrez
