sample	assigned	total_summary_records	assigned_percent	chimera_percent	source
KRAS_siRNA_P5_SRR24828471	32018066	43216704	74.08724644989123	0.5037311498813052	https://galaxy-main.usegalaxy.org/api/histories/bbd44e69cb8906b5123b15e2f796dd1c/contents/f9cad7b01a4721353e289695d32d8e01/display
Control_siRNA_P1	38327029	53998651	70.97775275904577	0.4152325953476134	https://galaxy-main.usegalaxy.org/api/histories/bbd44e69cb8906b5123b15e2f796dd1c/contents/f9cad7b01a4721350f8923cba4cbc7ce/display
KRAS_siRNA_P5_v2_SRR24828472	36106124	52075926	69.33361876272733	0.4033725679693146	https://galaxy-main.usegalaxy.org/api/histories/bbd44e69cb8906b5123b15e2f796dd1c/contents/f9cad7b01a4721357db9e58fc650d81d/display
KRAS_siRNA_P4	35024456	45812063	76.45247497367669	0.330268907558256	https://galaxy-main.usegalaxy.org/api/histories/bbd44e69cb8906b5123b15e2f796dd1c/contents/f9cad7b01a4721359c246c9e5ab77af2/display
KRAS_siRNA_P3	35073406	51317539	68.34584565717385	0.3112015952284851	https://galaxy-main.usegalaxy.org/api/histories/bbd44e69cb8906b5123b15e2f796dd1c/contents/f9cad7b01a4721359bd3fe17a90429cd/display
KRAS_siRNA_P2	36580984	48826055	74.92103140423694	0.3828222452131347	https://galaxy-main.usegalaxy.org/api/histories/bbd44e69cb8906b5123b15e2f796dd1c/contents/f9cad7b01a4721351bf1758aaf9a7908/display
KRAS_siRNA_M3	35896892	50564280	70.99259002600255	0.4772479703063111	https://galaxy-main.usegalaxy.org/api/histories/bbd44e69cb8906b5123b15e2f796dd1c/contents/f9cad7b01a47213585502f25e81b9d10/display
KRAS_siRNA_M2	36440240	54700678	66.61752894543648	0.3496300356642746	https://galaxy-main.usegalaxy.org/api/histories/bbd44e69cb8906b5123b15e2f796dd1c/contents/f9cad7b01a472135df50b3e68b6e7622/display
KRAS_siRNA_M1	37657740	54623588	68.94043650153483	0.4209317044497333	https://galaxy-main.usegalaxy.org/api/histories/bbd44e69cb8906b5123b15e2f796dd1c/contents/f9cad7b01a47213528a8ca6b09fe7905/display
Control_siRNA_P5	38318670	50726546	75.53967896808902	0.4355313290993635	https://galaxy-main.usegalaxy.org/api/histories/bbd44e69cb8906b5123b15e2f796dd1c/contents/f9cad7b01a4721357b563963f3bb2050/display
Control_siRNA_P4	39804914	52346159	76.04170919207272	0.5687943598688874	https://galaxy-main.usegalaxy.org/api/histories/bbd44e69cb8906b5123b15e2f796dd1c/contents/f9cad7b01a472135451fa809a54c8594/display
Control_siRNA_P3	40624409	56016966	72.52161604039748	0.4106684392724875	https://galaxy-main.usegalaxy.org/api/histories/bbd44e69cb8906b5123b15e2f796dd1c/contents/f9cad7b01a47213594d504b4216f05fa/display
Control_siRNA_P2	34137056	45361163	75.25613044797815	0.3942050603949462	https://galaxy-main.usegalaxy.org/api/histories/bbd44e69cb8906b5123b15e2f796dd1c/contents/f9cad7b01a4721351c708984a43f4fef/display
Control_siRNA_M3	32084267	44630244	71.88906921503722	0.4377211112715404	https://galaxy-main.usegalaxy.org/api/histories/bbd44e69cb8906b5123b15e2f796dd1c/contents/f9cad7b01a472135f75c958c2cf76f73/display
Control_siRNA_M2	37745760	57531362	65.60901513160769	0.3696662004977389	https://galaxy-main.usegalaxy.org/api/histories/bbd44e69cb8906b5123b15e2f796dd1c/contents/f9cad7b01a472135768edf1dd56e842b/display
Control_siRNA_M1	33598406	48606109	69.12383379628268	0.3991720464602505	https://galaxy-main.usegalaxy.org/api/histories/bbd44e69cb8906b5123b15e2f796dd1c/contents/f9cad7b01a472135c4e2400255b9e262/display
KRAS_siRNA_P1	33369606	46572546	71.65080904101742	0.4398621453935544	https://galaxy-main.usegalaxy.org/api/histories/bbd44e69cb8906b5123b15e2f796dd1c/contents/f9cad7b01a472135ca30e1fb6eb31e23/display
