run_accession	sample_accession	sample_alias	experiment_alias	library_name	library_strategy	library_layout	fastq_md5
SRR24828470	SAMN35622211	MP2_SC	MP2_SC	MP2_SC	RNA-Seq	PAIRED	564f8e6332ddd0af3aa5168289761f17;e8daf4708956d9942eccd98467b5bb14
SRR24828471	SAMN35622210	MP2_K2v2	MP2_K2v2	MP2_K2v2	RNA-Seq	PAIRED	80a6ee296d0fffe29a6b335e79546778;f56e4529719292d8c8bd01af9b24b6b8
SRR24828476	SAMN35622220	Pa16_K2	Pa16_K2	Pa16_K2	RNA-Seq	PAIRED	f6934f6f8bf008772df48836b8c1c8b0;57729643d3e0bf96be6053eec36050c7
SRR24828481	SAMN35622207	HPAC_K2	HPAC_K2	HPAC_K2	RNA-Seq	PAIRED	6a74e15c842128b3f9e6c6b80ad53bbd;791fd700839cee7cf51e991800975ba6
SRR24828468	SAMN35622213	Pa01_SC	Pa01_SC	Pa01_SC	RNA-Seq	PAIRED	3b72694598ffb3f5798c103a2722a179;d95658375fed8cc375e151a55567b5c0
SRR24828466	SAMN35622215	Pa02_SC	Pa02_SC	Pa02_SC	RNA-Seq	PAIRED	659dd9644700f464009824a28847178a;a0949ba5b5d8246ad0722163b9f74837
SRR24828469	SAMN35622212	Pa01_K2	Pa01_K2	Pa01_K2	RNA-Seq	PAIRED	d605b0983a96de4c2084327d9b2ec48a;b8b7b8909288a78e75c28594281a09c3
SRR24828474	SAMN35622222	Panc1_K2	Panc1_K2	Panc1_K2	RNA-Seq	PAIRED	88b04cb89e421d51f08898bff387fe95;001c85a92ae15ec22719eb1ca0c38a59
SRR24828465	SAMN35622216	Pa04_K2	Pa04_K2	Pa04_K2	RNA-Seq	PAIRED	fa0a4c908bcd25292c4e765db5e9743e;8c65e0ae9ba1742eaa2641ab3fcb8305
SRR24828467	SAMN35622214	Pa02_K2	Pa02_K2	Pa02_K2	RNA-Seq	PAIRED	511427c52e0843ef95cf3d0005326a26;4afc0c4bb85e05cdd7fa44724ee56c6a
SRR24828475	SAMN35622221	Pa16_SC	Pa16_SC	Pa16_SC	RNA-Seq	PAIRED	e206f0e7a6e5a3477065cafb82bed4d4;6987a644dbe42a7137c4c19bab5a43fe
SRR24828477	SAMN35622219	Pa14_SC	Pa14_SC	Pa14_SC	RNA-Seq	PAIRED	20334c6ab8f9cfb425feaee9a50b3779;97479850ed1c47c018e37a39a810f162
SRR24828478	SAMN35622218	Pa14_K2	Pa14_K2	Pa14_K2	RNA-Seq	PAIRED	86a3d05257cc83d363ce952a3cb56d96;c4d48b8a4e4eb40539156d324a8d437b
SRR24828472	SAMN35622209	MP2_K2	MP2_K2	MP2_K2	RNA-Seq	PAIRED	1aaf3ff07a635d3cdf82754272c73233;34cdbf3cd3a08a5fcb738b22f963dba7
SRR24828473	SAMN35622223	Panc1_SC	Panc1_SC	Panc1_SC	RNA-Seq	PAIRED	b1100fda1ddac3c6b7d213d3ee10f36b;243f90c68c84e1cea127cf00c75841cc
SRR24828479	SAMN35622217	Pa04_SC	Pa04_SC	Pa04_SC	RNA-Seq	PAIRED	ea433261ab2c4c2732255f9f705ba537;5f3a7deba130399c07850e68aba72284
SRR24828480	SAMN35622208	HPAC_SC	HPAC_SC	HPAC_SC	RNA-Seq	PAIRED	43d7bb5e467d2835e56c57f81da3d5d7;35391386616618e5d1580fa4e01c076a
