hid	dataset_id	physical_dataset_id	name	sample	category	extension	bytes	status	status_checked	backup_status	sha256	verification	local_backup_path	repository_backup_path	reason
20	f9cad7b01a47213597f70c6a38423743	f9cad7b01a4721353d8113111732f36e	Control_siRNA_P1_1.fastq.gz		01_raw	fastqsanger.gz	3421523547	already_deleted_before_cleanup	False	not_downloaded					Redundant QC, pilot, failed output, or raw input with retained full alignment
28	f9cad7b01a472135c7b9960e6de217cd	f9cad7b01a472135b4ef15601e318c82	Compute quality statistics on dataset 20		02_fastqc	txt	14966	already_deleted_before_cleanup	True	failed					Redundant QC, pilot, failed output, or raw input with retained full alignment
32	f9cad7b01a472135e36af183fc3502ee	f9cad7b01a472135a58bf6ae17dac666	Control_siRNA_P1_2.gz		01_raw	fastqsanger.gz	3455726368	already_deleted_before_cleanup	False	not_downloaded					Redundant QC, pilot, failed output, or raw input with retained full alignment
34	f9cad7b01a472135cd81b90a6ee13030	f9cad7b01a4721355f266a382b928bc4	Compute quality statistics on dataset 31		02_fastqc	txt	0	already_deleted_before_cleanup	True	no_output_bytes					Redundant QC, pilot, failed output, or raw input with retained full alignment
35	f9cad7b01a472135bdf3cee99ca65ef8	f9cad7b01a47213519dab31ad3e47a56	Compute quality statistics on dataset 33		02_fastqc	txt	0	already_deleted_before_cleanup	True	no_output_bytes					Redundant QC, pilot, failed output, or raw input with retained full alignment
36	f9cad7b01a472135014473f0f1c8266b	f9cad7b01a4721356c85620006e90d93	Compute quality statistics on dataset 1		02_fastqc	txt	0	already_deleted_before_cleanup	True	no_output_bytes					Redundant QC, pilot, failed output, or raw input with retained full alignment
37	f9cad7b01a472135bdf8ef8023b1691f	f9cad7b01a47213539b77afb929a8375	Compute quality statistics on dataset 4		02_fastqc	txt	0	already_deleted_before_cleanup	True	no_output_bytes					Redundant QC, pilot, failed output, or raw input with retained full alignment
38	f9cad7b01a47213544cc8162fb8bdd17	f9cad7b01a4721353502b3760f6fe81c	Compute quality statistics on dataset 5		02_fastqc	txt	0	already_deleted_before_cleanup	True	no_output_bytes					Redundant QC, pilot, failed output, or raw input with retained full alignment
39	f9cad7b01a4721351cc478fe1d40019d	f9cad7b01a47213592bf3fb0480164bc	Compute quality statistics on dataset 6		02_fastqc	txt	0	already_deleted_before_cleanup	True	no_output_bytes					Redundant QC, pilot, failed output, or raw input with retained full alignment
40	f9cad7b01a4721353feb13aa9247b6c2	f9cad7b01a472135da2cbe178f912837	Compute quality statistics on dataset 7		02_fastqc	txt	0	already_deleted_before_cleanup	True	no_output_bytes					Redundant QC, pilot, failed output, or raw input with retained full alignment
41	f9cad7b01a4721357b045cfcf6f90a85	f9cad7b01a472135424f649f5a856052	Compute quality statistics on dataset 8		02_fastqc	txt	0	already_deleted_before_cleanup	True	no_output_bytes					Redundant QC, pilot, failed output, or raw input with retained full alignment
42	f9cad7b01a4721350ba07051b28daa1b	f9cad7b01a472135fcff123026afc035	Compute quality statistics on dataset 10		02_fastqc	txt	0	already_deleted_before_cleanup	True	no_output_bytes					Redundant QC, pilot, failed output, or raw input with retained full alignment
43	f9cad7b01a472135172fe38c8c1eb109	f9cad7b01a4721350a7fc653c491b343	Compute quality statistics on dataset 11		02_fastqc	txt	0	already_deleted_before_cleanup	True	no_output_bytes					Redundant QC, pilot, failed output, or raw input with retained full alignment
44	f9cad7b01a47213530425adf66798ac8	f9cad7b01a4721358a1726b31f53e421	Compute quality statistics on dataset 9		02_fastqc	txt	0	already_deleted_before_cleanup	True	no_output_bytes					Redundant QC, pilot, failed output, or raw input with retained full alignment
45	f9cad7b01a472135136466c468ed808f	f9cad7b01a47213597a22217b689cb11	Compute quality statistics on dataset 12		02_fastqc	txt	0	already_deleted_before_cleanup	True	no_output_bytes					Redundant QC, pilot, failed output, or raw input with retained full alignment
51	f9cad7b01a4721355c0fc502896c91d7	f9cad7b01a4721357fb1aa74e13e5cec	FastQC on dataset 5: Webpage		02_fastqc	html	604191	already_deleted_before_cleanup	True	failed					Redundant QC, pilot, failed output, or raw input with retained full alignment
52	f9cad7b01a472135d739c6d69878f5ba	f9cad7b01a4721358f1ec408b533a26d	FastQC on dataset 5: RawData		02_fastqc	txt	853692	already_deleted_before_cleanup	True	failed					Redundant QC, pilot, failed output, or raw input with retained full alignment
94	f9cad7b01a47213500c1f448d839a34d	f9cad7b01a472135162280947cb7d274	Control_siRNA_P5_1.fastq.gz		01_raw	fastqsanger.gz	2535911802	already_deleted_before_cleanup	False	not_downloaded					Redundant QC, pilot, failed output, or raw input with retained full alignment
95	f9cad7b01a472135a900e20286166840	f9cad7b01a472135c0eda839507b7b5b	Control_siRNA_P5_2.fastq.gz		01_raw	fastqsanger.gz	2537097461	already_deleted_before_cleanup	False	not_downloaded					Redundant QC, pilot, failed output, or raw input with retained full alignment
186	f9cad7b01a47213582c8a1e898248495	f9cad7b01a472135e020be83a27e83c6	hg38_RefSeq.bed		supporting_results	bed12	30192592	already_deleted_before_cleanup	True	failed					Redundant QC, pilot, failed output, or raw input with retained full alignment
190	f9cad7b01a472135f7ce8684119c6e93	f9cad7b01a47213500e62a242754fad2	Infer Experiment on dataset 135 and 189: RNA-seq experiment configuration		supporting_results	txt	183	already_deleted_before_cleanup	True	failed					Redundant QC, pilot, failed output, or raw input with retained full alignment
191	f9cad7b01a472135d9e4f63333866e83	f9cad7b01a472135c59f720be9d5445a	Infer Experiment on dataset 131 and 189: RNA-seq experiment configuration		supporting_results	txt	183	already_deleted_before_cleanup	True	failed					Redundant QC, pilot, failed output, or raw input with retained full alignment
196	f9cad7b01a47213555b2bc4dae68b27f	f9cad7b01a4721358193c251c2c84966	Control_siRNA_M2_1.gz		01_raw	fastqsanger.gz	3408881418	already_deleted_before_cleanup	False	not_downloaded					Redundant QC, pilot, failed output, or raw input with retained full alignment
197	f9cad7b01a4721357ad469bb31e4540b	f9cad7b01a472135df0b5aa5daccb3b5	Control_siRNA_M2_2.gz		01_raw	fastqsanger.gz	3418012567	already_deleted_before_cleanup	False	not_downloaded					Redundant QC, pilot, failed output, or raw input with retained full alignment
198	f9cad7b01a472135602f6b0f12e30705	f9cad7b01a472135e8ef3a6a5b8eefdf	Control_siRNA_M3_1.gz		01_raw	fastqsanger.gz	2852031710	already_deleted_before_cleanup	False	not_downloaded					Redundant QC, pilot, failed output, or raw input with retained full alignment
199	f9cad7b01a4721357cf35d39309424f3	f9cad7b01a472135855514a4eea2ba65	Control_siRNA_M3_2.gz		01_raw	fastqsanger.gz	2877924540	already_deleted_before_cleanup	False	verified	486e03b4bc7d3b9ce22311b40d09480148afdf765f37637ab1e2f92342518e29	Galaxy size and SHA-256	/home/ylin/Documents/TRNTLabArchives/galaxy_backup/2026-09-23/01_raw/galaxy_files/H019_Control_siRNA_M3_2.gz.fastq.gz		Redundant QC, pilot, failed output, or raw input with retained full alignment
200	f9cad7b01a472135baa1fb97cbc73798	f9cad7b01a4721351ac15bbba38b5efa	Control_siRNA_P2_1.fastq.gz		01_raw	fastqsanger.gz	2721951088	already_deleted_before_cleanup	False	verified	03a955480cb40cfef280caa25dfc836d85e14b7484fddba871d206a02a5147f6	Galaxy SHA-256 matches independently verified local backup	/home/ylin/Documents/TRNTLabArchives/galaxy_backup/2026-09-23/01_raw/galaxy_files/H031_Control_siRNA_P2_1.fastq.gz		Redundant QC, pilot, failed output, or raw input with retained full alignment
201	f9cad7b01a472135f320bf52475d4a85	f9cad7b01a47213523bf004357e5e592	Control_siRNA_P2_2.fastq.gz		01_raw	fastqsanger.gz	2746718364	already_deleted_before_cleanup	False	verified	b8a7e2299eff589c605a78650e597c661d0f1d4f183b1aed8f8fb88fa1d48057	Galaxy SHA-256 matches independently verified local backup	/home/ylin/Documents/TRNTLabArchives/galaxy_backup/2026-09-23/01_raw/galaxy_files/H033_Control_siRNA_P2_2.fastq.gz		Redundant QC, pilot, failed output, or raw input with retained full alignment
202	f9cad7b01a47213514ec92f5c3902ca1	f9cad7b01a472135a554b865c8ea5dc9	Control_siRNA_P3_1.fastq.gz		01_raw	fastqsanger.gz	2747540365	already_deleted_before_cleanup	False	verified	7e7d44edae92687d3278f431d5a84717f02f9890a6560e73238b7432d9d9a33e	Galaxy SHA-256 matches independently verified local backup	/home/ylin/Documents/TRNTLabArchives/galaxy_backup/2026-09-23/01_raw/galaxy_files/H231_Control_siRNA_P3_1.fastq.gz		Redundant QC, pilot, failed output, or raw input with retained full alignment
203	f9cad7b01a4721356dee25f04bccda1d	f9cad7b01a4721357af495d5591696d6	Control_siRNA_P3_2.fastq.gz		01_raw	fastqsanger.gz	2747665323	already_deleted_before_cleanup	False	verified	5c3d72a58f13c9b61e190ec101316f326103f043705ccf92629c9251876e7b07	Galaxy SHA-256 matches independently verified local backup	/home/ylin/Documents/TRNTLabArchives/galaxy_backup/2026-09-23/01_raw/galaxy_files/H232_Control_siRNA_P3_2.fastq.gz		Redundant QC, pilot, failed output, or raw input with retained full alignment
204	f9cad7b01a472135295a71c316952c5c	f9cad7b01a472135cca1f2878013c825	Control_siRNA_P4_1.fastq.gz		01_raw	fastqsanger.gz	2659779425	already_deleted_before_cleanup	False	verified	2a7e62340c2c720ee3eaf0ea1cf861ffc276175813ad34ce279e902cc765abe2	Galaxy SHA-256 matches independently verified local backup	/home/ylin/Documents/TRNTLabArchives/galaxy_backup/2026-09-23/01_raw/galaxy_files/H233_Control_siRNA_P4_1.fastq.gz		Redundant QC, pilot, failed output, or raw input with retained full alignment
205	f9cad7b01a472135306fe5cf13f3b4ce	f9cad7b01a4721356aa9662c2d1dd61f	Control_siRNA_P4_2.fastq.gz		01_raw	fastqsanger.gz	2659888962	already_deleted_before_cleanup	False	verified	ff6b85fb7ad92e0bdd8c70453f86953fbe978caec1919925f8a61ee1602be6d2	Galaxy SHA-256 matches independently verified local backup	/home/ylin/Documents/TRNTLabArchives/galaxy_backup/2026-09-23/01_raw/galaxy_files/H092_Control_siRNA_P4_2.fastq.gz		Redundant QC, pilot, failed output, or raw input with retained full alignment
206	f9cad7b01a472135188ff31713d5602f	f9cad7b01a4721353be6bec0680d18ed	Control_siRNA_P5_1.gz		01_raw	fastqsanger.gz	3330133169	already_deleted_before_cleanup	False	verified	7f8f7feb5d4dca3b40c4b00533260a5ac34ae04d203c17b334d603191fb0f103	Galaxy size and SHA-256	/home/ylin/Documents/TRNTLabArchives/galaxy_backup/2026-09-23/01_raw/galaxy_files/H235_Control_siRNA_P5_1.gz.fastq.gz		Redundant QC, pilot, failed output, or raw input with retained full alignment
207	f9cad7b01a4721356bb6fa2e04503f74	f9cad7b01a47213568a32547b0e6f44a	Control_siRNA_P5_2.gz		01_raw	fastqsanger.gz	3392607581	already_deleted_before_cleanup	False	verified	2d5d6259a3c98896b61164a627d0c840feac88364c902438979b60c5f3dbf2ef	Galaxy size and SHA-256	/home/ylin/Documents/TRNTLabArchives/galaxy_backup/2026-09-23/01_raw/galaxy_files/H236_Control_siRNA_P5_2.gz.fastq.gz		Redundant QC, pilot, failed output, or raw input with retained full alignment
208	f9cad7b01a4721359440cb45633d39e3	f9cad7b01a472135f2353d2098577db3	KRAS_siRNA_M1_1		01_raw	fastqsanger	20130176594	already_deleted_before_cleanup	False	not_downloaded					Keep both mates: abnormal alignment requires review
209	f9cad7b01a472135d719b0ba345a1296	f9cad7b01a4721351b6feee591106cc7	KRAS_siRNA_M1_2		01_raw	fastqsanger.gz	3382598475	already_deleted_before_cleanup	False	not_downloaded					Keep both mates: abnormal alignment requires review
210	f9cad7b01a472135c0bd10534561e06e	f9cad7b01a472135cc9cfe1f3aef50ee	KRAS_siRNA_M2_1		01_raw	fastqsanger.gz	3283298979	already_deleted_before_cleanup	False	verified	d5bd006748c3180b4700530a09ed22b2d8038e4b6b5a9e9ec9c36931ef728efa	Galaxy size and SHA-256	/home/ylin/Documents/TRNTLabArchives/galaxy_backup/2026-09-23/01_raw/galaxy_files/H239_KRAS_siRNA_M2_1.fastq.gz		Redundant QC, pilot, failed output, or raw input with retained full alignment
211	f9cad7b01a4721351a7aa904e0922e22	f9cad7b01a472135feb4309b080c546f	KRAS_siRNA_M2_2		01_raw	fastqsanger.gz	3299851492	already_deleted_before_cleanup	False	verified	57599fad648514dd07a50a7b2a38c488b2d4e2602fab2f667bbccabaf7766ace	Galaxy size and SHA-256	/home/ylin/Documents/TRNTLabArchives/galaxy_backup/2026-09-23/01_raw/galaxy_files/H240_KRAS_siRNA_M2_2.fastq.gz		Redundant QC, pilot, failed output, or raw input with retained full alignment
212	f9cad7b01a472135c67fd06d377c3dd9	f9cad7b01a47213523198f18525ae220	KRAS_siRNA_M3_1		01_raw	fastqsanger.gz	3199608327	already_deleted_before_cleanup	False	verified	b9a8eca97f4a006be8beac2c1b7acfe693f3d95f41aefffb5af1ddfa1dce5b16	Galaxy size and SHA-256	/home/ylin/Documents/TRNTLabArchives/galaxy_backup/2026-09-23/01_raw/galaxy_files/H241_KRAS_siRNA_M3_1.fastq.gz		Redundant QC, pilot, failed output, or raw input with retained full alignment
213	f9cad7b01a472135276765737915854d	f9cad7b01a47213592d3a89c2d264949	KRAS_siRNA_M3_2		01_raw	fastqsanger.gz	3255261596	already_deleted_before_cleanup	False	verified	e967506914a7ca3e4aca0286fc2fa7fc3cb588bb54bf8c0f11b32c5b95f30e46	Galaxy size and SHA-256	/home/ylin/Documents/TRNTLabArchives/galaxy_backup/2026-09-23/01_raw/galaxy_files/H242_KRAS_siRNA_M3_2.fastq.gz		Redundant QC, pilot, failed output, or raw input with retained full alignment
214	f9cad7b01a472135f870e3978491a1d9	f9cad7b01a472135a4a1552874c6ffaa	KRAS_siRNA_P2_1		01_raw	fastqsanger.gz	3176074214	already_deleted_before_cleanup	False	verified	a96ea5faf25d7b707d7dd24ce676bfad4945e3d429d0a9501041ec3f3ac1ea89	Galaxy size and SHA-256	/home/ylin/Documents/TRNTLabArchives/galaxy_backup/2026-09-23/01_raw/galaxy_files/H009_KRAS_siRNA_P2_1.fastq.gz		Redundant QC, pilot, failed output, or raw input with retained full alignment
215	f9cad7b01a472135639eeda2c7e03f6c	f9cad7b01a47213542d492ea88e97225	KRAS_siRNA_P2_2		01_raw	fastqsanger.gz	3195275935	already_deleted_before_cleanup	False	verified	bbf1008b0e41976b30d990e95965559b3ce141245c3874de9fa812fa992c0357	Galaxy size and SHA-256	/home/ylin/Documents/TRNTLabArchives/galaxy_backup/2026-09-23/01_raw/galaxy_files/H244_KRAS_siRNA_P2_2.fastq.gz		Redundant QC, pilot, failed output, or raw input with retained full alignment
216	f9cad7b01a472135a14e44ef39664699	f9cad7b01a472135b2f93ecb59840f13	KRAS_siRNA_P3_1.fastq.gz		01_raw	fastqsanger.gz	2414940122	already_deleted_before_cleanup	False	verified	24441f0c908d2b9be0949af76bbfe0ad33e75125fa39607311e29c32d4b2f129	Galaxy SHA-256 matches independently verified local backup	/home/ylin/Documents/TRNTLabArchives/galaxy_backup/2026-09-23/01_raw/galaxy_files/H245_KRAS_siRNA_P3_1.fastq.gz		Redundant QC, pilot, failed output, or raw input with retained full alignment
217	f9cad7b01a472135553c404437601588	f9cad7b01a472135e549357fd7105675	KRAS_siRNA_P3_2.fastq.gz		01_raw	fastqsanger.gz	2415090102	already_deleted_before_cleanup	False	verified	8700056d6465c1d97afed109f58312e380dd846c8f4a1d9d6bd2b0e39d38239f	Galaxy SHA-256 matches independently verified local backup	/home/ylin/Documents/TRNTLabArchives/galaxy_backup/2026-09-23/01_raw/galaxy_files/H110_KRAS_siRNA_P3_2.fastq.gz		Redundant QC, pilot, failed output, or raw input with retained full alignment
220	f9cad7b01a47213567cb6a6af5c26bba	f9cad7b01a472135d5a73274f42d4a61	KRAS_siRNA_P4_1.fastq.gz		01_raw	fastqsanger.gz	2321734291	already_deleted_before_cleanup	False	verified	7e26b5b7498d135f253797c611b09cf6cefdab8fe69ae4a26548193eaaef3697	Galaxy SHA-256 matches independently verified local backup	/home/ylin/Documents/TRNTLabArchives/galaxy_backup/2026-09-23/01_raw/galaxy_files/H247_KRAS_siRNA_P4_1.fastq.gz		Redundant QC, pilot, failed output, or raw input with retained full alignment
221	f9cad7b01a472135b2178754526552df	f9cad7b01a47213560600395fbe32a1b	KRAS_siRNA_P4_2.fastq.gz		01_raw	fastqsanger.gz	2321928729	already_deleted_before_cleanup	False	verified	27d3f389af39ad70649d547cb4be5afd20189dec29961a4606c3c12e7d77dbdb	Galaxy SHA-256 matches independently verified local backup	/home/ylin/Documents/TRNTLabArchives/galaxy_backup/2026-09-23/01_raw/galaxy_files/H248_KRAS_siRNA_P4_2.fastq.gz		Redundant QC, pilot, failed output, or raw input with retained full alignment
224	f9cad7b01a47213511c344ece0b51cc3	f9cad7b01a4721355e3ecf0d48089ba7	SRR24828472_1.fastq.gz		01_raw	fastqsanger.gz	2930283917	already_deleted_before_cleanup	False	verified	1227647c02a290f6d0ac2f5fb035ca3bb3546b50ec0384e5da87a1c1db7cfc70	Galaxy SHA-256 matches independently verified local backup	/home/ylin/Documents/TRNTLabArchives/galaxy_backup/2026-09-23/01_raw/galaxy_files/H129_SRR24828472_1.fastq.gz		Redundant QC, pilot, failed output, or raw input with retained full alignment
225	f9cad7b01a4721351d26efda9a147099	f9cad7b01a4721354cd00a1388c79df4	SRR24828472_2.fastq.gz		01_raw	fastqsanger.gz	3001011805	already_deleted_before_cleanup	False	verified	0befc21810127c07445ffb28b2b9a6e36871959845298f7fead457e35f0c61cb	Galaxy SHA-256 matches independently verified local backup	/home/ylin/Documents/TRNTLabArchives/galaxy_backup/2026-09-23/01_raw/galaxy_files/H130_SRR24828472_2.fastq.gz		Redundant QC, pilot, failed output, or raw input with retained full alignment
228	f9cad7b01a472135bae3a7ad12320940	f9cad7b01a4721359290f4e791a578dd	Control_siRNA_P1_1.gz		01_raw	fastqsanger.gz	3421523547	already_deleted_before_cleanup	False	verified	f3a804fb018a172e34127267f88e8d587f53a3667ec6c6827fb5aece03d801e1	Galaxy SHA-256 matches independently verified local backup	/home/ylin/Documents/TRNTLabArchives/galaxy_backup/2026-09-23/01_raw/galaxy_files/H251_Control_siRNA_P1_1.gz.fastq.gz		Redundant QC, pilot, failed output, or raw input with retained full alignment
229	f9cad7b01a47213536e44add48ad7983	f9cad7b01a472135dbb942d52d454c08	Control_siRNA_P1_2.fastq.gz		01_raw	fastqsanger.gz	3177189282	already_deleted_before_cleanup	False	verified	3dd4c17cd4fa3dd55b5501df7dee6a305698110fe30577f006b9f0e541b8a577	Galaxy SHA-256 matches independently verified local backup	/home/ylin/Documents/TRNTLabArchives/galaxy_backup/2026-09-23/01_raw/galaxy_files/H252_Control_siRNA_P1_2.fastq.gz		Redundant QC, pilot, failed output, or raw input with retained full alignment
