sample	cell_line	condition	source_runs	PC1	PC2
Pa01C_Control	Pa01C	Control	SRR24828468	-31.5716322592175	2.70937478544706
Pa02C_Control	Pa02C	Control	SRR24828466	-28.3760468689204	-8.93833267000257
Pa04C_Control	Pa04C	Control	SRR24828479	31.8008635572982	-48.2880650398534
Pa16C_Control	Pa16C	Control	SRR24828475	-5.73940107981444	11.7000551555379
PANC-1_Control	PANC-1	Control	SRR24828473	30.6157257687198	17.5030785709202
Pa14C_Control	Pa14C	Control	SRR24828477	-3.29953085190687	11.7670300393816
HPAC_Control	HPAC	Control	SRR24828480	-24.3688766237276	-6.08862515743113
MiaPaca-2_Control	MiaPaca-2	Control	SRR24828470	34.6132455652399	19.2110223758875
Pa01C_KRAS	Pa01C	Treatment	SRR24828469	-32.3378597148665	2.4451825556515
Pa02C_KRAS	Pa02C	Treatment	SRR24828467	-34.3317379599219	-9.61498041598427
Pa04C_KRAS	Pa04C	Treatment	SRR24828465	31.9754991463144	-50.4747830978603
Pa16C_KRAS	Pa16C	Treatment	SRR24828476	-6.56071471616783	11.3400236810121
PANC-1_KRAS	PANC-1	Treatment	SRR24828474	31.1260092135722	17.3003319316631
Pa14C_KRAS	Pa14C	Treatment	SRR24828478	-1.97545121297721	10.9215531100145
HPAC_KRAS	HPAC	Treatment	SRR24828481	-27.0260226883509	-6.21796841275831
MiaPaca-2_KRAS	MiaPaca-2	Treatment	SRR24828471	35.4559307247266	24.7251025883745
