ENTREZID	Pa01C_Control	Pa02C_Control	Pa04C_Control	Pa16C_Control	PANC-1_Control	Pa14C_Control	HPAC_Control	MiaPaca-2_Control	Pa01C_KRAS	Pa02C_KRAS	Pa04C_KRAS	Pa16C_KRAS	PANC-1_KRAS	Pa14C_KRAS	HPAC_KRAS	MiaPaca-2_KRAS
Pa01C_Control	0	91.8558993635509	143.362812129734	102.56047470727	122.948281744179	99.5288373985988	101.392370739549	125.156612129238	30.5758985033774	97.118910340373	147.08163160959	102.515297197046	127.25733080158	101.770457755155	99.9797479866521	132.245018147414
Pa02C_Control	91.8558993635509	0	139.009091983485	106.134144808556	121.830198155079	108.265078990887	92.7578609164892	128.802836034749	96.1072690100991	40.9870153118791	142.724264148141	107.646634423899	127.654806115574	110.68946945656	92.0961482380352	136.820293425064
Pa04C_Control	143.362812129734	139.009091983485	0	138.685147009446	139.796490704087	137.652693533607	139.08319500513	138.145743256341	146.290326892071	147.365534884572	32.8718599311644	139.73231625796	143.791127368677	137.885998806669	142.428295748277	150.59695939781
Pa16C_Control	102.56047470727	106.134144808556	138.685147009446	0	121.739542407186	99.5027350249662	105.74665996123	118.824948383756	108.257378578288	116.863078949614	144.656315297844	30.4893902521535	128.477588977443	104.241408101263	108.818828335057	130.081143670531
PANC-1_Control	122.948281744179	121.830198155079	139.796490704087	121.739542407186	0	114.955056409324	127.79170753475	105.471877314897	126.721294849163	132.095407144043	144.112765134511	123.298673435664	37.4210202240557	116.439523717909	130.062299559502	113.126716720235
Pa14C_Control	99.5288373985988	108.265078990887	137.652693533607	99.5027350249662	114.955056409324	0	105.706854617959	113.86339106859	106.129883127342	119.797787623451	143.901824010936	102.28624884965	120.815124584909	33.1663727201398	109.694292463449	125.467407753653
HPAC_Control	101.392370739549	92.7578609164892	139.08319500513	105.74665996123	127.79170753475	105.706854617959	0	126.613942202523	107.117820817592	103.632630258329	144.504093460779	108.624683438744	134.101379619749	110.011520796652	33.5908925641845	138.08438732915
MiaPaca-2_Control	125.156612129238	128.802836034749	138.145743256341	118.824948383756	105.471877314897	113.86339106859	126.613942202523	0	129.017247152458	140.265494567213	143.588902698551	121.00882918131	111.017390970145	115.841468217564	129.884280375122	49.8136374228204
Pa01C_KRAS	30.5758985033774	96.1072690100991	146.290326892071	108.257378578288	126.721294849163	106.129883127342	107.117820817592	129.017247152458	0	93.3728176373041	146.681597911836	102.833485493975	126.340279105403	102.115289486806	100.36005935708	130.553107467709
Pa02C_KRAS	97.118910340373	40.9870153118791	147.365534884572	116.863078949614	132.095407144043	119.797787623451	103.632630258329	140.265494567213	93.3728176373041	0	147.030815684904	112.550350980615	132.405903659248	116.025087662849	95.7646564836343	141.60065585725
Pa04C_KRAS	147.08163160959	142.724264148141	32.8718599311644	144.656315297844	144.112765134511	143.901824010936	144.504093460779	143.588902698551	146.681597911836	147.030815684904	0	142.09289301127	144.087698377486	140.284132291036	144.430571419812	150.390068419409
Pa16C_KRAS	102.515297197046	107.646634423899	139.73231625796	30.4893902521535	123.298673435664	102.28624884965	108.624683438744	121.00882918131	102.833485493975	112.550350980615	142.09289301127	0	124.528921890483	100.441727003322	106.895386280433	125.560671196019
PANC-1_KRAS	127.25733080158	127.654806115574	143.791127368677	128.477588977443	37.4210202240557	120.815124584909	134.101379619749	111.017390970145	126.340279105403	132.405903659248	144.087698377486	124.528921890483	0	115.952239738793	132.138600908986	108.422633017452
Pa14C_KRAS	101.770457755155	110.68946945656	137.885998806669	104.241408101263	116.439523717909	33.1663727201398	110.011520796652	115.841468217564	102.115289486806	116.025087662849	140.284132291036	100.441727003322	115.952239738793	0	108.959612301272	120.106746119386
HPAC_KRAS	99.9797479866521	92.0961482380352	142.428295748277	108.818828335057	130.062299559502	109.694292463449	33.5908925641845	129.884280375122	100.36005935708	95.7646564836343	144.430571419812	106.895386280433	132.138600908986	108.959612301272	0	136.154961396999
MiaPaca-2_KRAS	132.245018147414	136.820293425064	150.59695939781	130.081143670531	113.126716720235	125.467407753653	138.08438732915	49.8136374228204	130.553107467709	141.60065585725	150.390068419409	125.560671196019	108.422633017452	120.106746119386	136.154961396999	0
