sample	size_factor	TMM_factor	library_size
Pa01C_Control	0.925361049352558	0.979294198018453	33593580
Pa02C_Control	1.09605992518578	1.04763766061057	37739903
Pa04C_Control	0.87811355742984	0.99507151939422	32079104
Pa16C_Control	1.11530058402078	1.01826723309223	38321903
PANC-1_Control	0.987304386099696	1.02516147899144	34132355
Pa14C_Control	1.13776437390994	0.96741824184438	40619742
HPAC_Control	1.00520684407253	0.88959860231302	39800948
MiaPaca-2_Control	1.13077591960164	1.03185258592546	38310943
Pa01C_KRAS	1.04970953618831	0.981745485057883	37651253
Pa02C_KRAS	1.01521847783063	1.00468708432158	36434525
Pa04C_KRAS	0.995226010333464	1.0099588770482	35888913
Pa16C_KRAS	0.993455561764644	1.04522799092257	33364721
PANC-1_KRAS	1.01581267957261	1.00365199603687	36576048
Pa14C_KRAS	1.01061889240207	1.00327101917999	35068851
HPAC_KRAS	0.917076604547065	0.929816458037982	35021064
MiaPaca-2_KRAS	1.08970215181063	1.08392254193343	36098863
