sample	cell_line	condition	source_runs
Pa01C_Control	Pa01C	Control	SRR24828468
Pa02C_Control	Pa02C	Control	SRR24828466
Pa04C_Control	Pa04C	Control	SRR24828479
Pa16C_Control	Pa16C	Control	SRR24828475
PANC-1_Control	PANC-1	Control	SRR24828473
Pa14C_Control	Pa14C	Control	SRR24828477
HPAC_Control	HPAC	Control	SRR24828480
MiaPaca-2_Control	MiaPaca-2	Control	SRR24828470
Pa01C_KRAS	Pa01C	Treatment	SRR24828469
Pa02C_KRAS	Pa02C	Treatment	SRR24828467
Pa04C_KRAS	Pa04C	Treatment	SRR24828465
Pa16C_KRAS	Pa16C	Treatment	SRR24828476
PANC-1_KRAS	PANC-1	Treatment	SRR24828474
Pa14C_KRAS	Pa14C	Treatment	SRR24828478
HPAC_KRAS	HPAC	Treatment	SRR24828481
MiaPaca-2_KRAS	MiaPaca-2	Treatment	SRR24828472
